FLD_NM,OFFC_NM,PGM_NM,ACTV_NM,m1,m2,m3,m4,m5,m6,m7,m8,m9,m10,m11,m12,sub,peak_month,q1_share,h2_share,dec_share,amp12,amp6,phase12,dec_nov_ratio,n_year
공공질서및안전,소방청,소방정책지원,소방안전기술개발,0.07606101554619381,0.4929899121155685,0.12705604703690923,0.09800097420163285,0.02719164535235665,0.09982732868821972,0.0076725179441482615,0.005627583872664656,0.00633551049114998,0.02731344735919722,0.010307154663885548,0.021616862728073574,1,2,0.6961069746986714,0.07887307705911925,0.021616862728073574,0.11163895079103654,0.07478383156267722,-0.783287869875164,2.2381223084804347,8
공공질서및안전,해양경찰청,해양경찰행정지원,연구개발,0.021485455287251393,0.5129431730458839,0.34193025154302525,0.03724885789364646,0.01203352974289604,0.008747185747702387,0.002668445199297446,0.002022466354638521,0.036771769032477926,0.0020053981468592737,0.0017115004697148641,0.020431967536606543,1,2,0.8763588798761606,0.06561154673959457,0.020431967536606543,0.1388836988563416,0.1232109448152323,-0.7338258834509201,2.609124981682765,7
공공질서및안전,행정안전부,재난안전기술개발,재난안전기술개발,0.01794949126082828,0.3457930702576268,0.289756593589336,0.07454500936444475,0.0748183198387388,0.07718720772484747,0.013573500122570538,0.012723097834487338,0.025494707900183995,0.018766451019737066,0.018136014122418238,0.0312565369647808,1,2,0.6534991551077911,0.11995030796417797,0.0312565369647808,0.10555354278618401,0.06839430723759644,-0.9722579387569134,2.018033300541681,7
과학기술,과학기술정보통신부,공공연구성과활성화,연구개발특구육성,0.010650995801175395,0.25651871408900934,0.23134131831500038,0.0941389871252849,0.12185914600995522,0.11421801992367875,0.0820490835166834,0.034214238316595265,0.012014780384274051,0.018470180905925986,0.014449014785480946,0.010075520826936413,1,2,0.4985110282051851,0.17127281873589606,0.010075520826936413,0.08817316994616699,0.039476245190143554,-1.4058049555784755,0.6038978762327776,7
과학기술,과학기술정보통신부,공공연구성과활성화,연구성과기술사업화지원,0.04309015085583981,0.39906699166686516,0.26894400792553635,0.11296961335136875,0.04791037003828783,0.051160022984295415,0.059610025871050305,0.0025775172322394855,0.003096474408640894,0.010224427784888692,0.0011021809062558396,0.00024821697473151197,1,2,0.7111011504482414,0.07685884317780674,0.00024821697473151197,0.11908759602216912,0.08309042563648468,-0.9896217932681252,0.20786323522958497,6
과학기술,과학기술정보통신부,과학기술국제협력,국제화기반조성,0.05424463459187413,0.21990121425798942,0.1610484196903916,0.16298086025863964,0.05962325367039522,0.01409404252498416,0.0475105993878021,0.049933482043731346,0.04090656593412834,0.1327376705572686,0.042965970806466317,0.01405328627632912,0,2,0.4351942685402551,0.3281075750057258,0.01405328627632912,0.05188429773701437,0.05919442460250344,-0.8492265715999423,0.048518790634487156,8
과학기술,과학기술정보통신부,과학기술국제협력,동북아 R&D 허브 기반 구축,0.05886935060566148,0.33615519342022543,0.15404465758719707,0.09591418677052983,0.056973302595528796,0.03627920869424737,0.0716482939381855,0.02391958921779902,0.023161782448559393,0.13386573019257778,0.009168704529488293,0.0,1,2,0.549069201613084,0.26176410032661,0.0,0.06591238094375075,0.06288115201326752,-0.8270854218583193,0.0,6
과학기술,과학기술정보통신부,과학기술기반조성,국제과학비즈니스벨트조성,0.27884706092842987,0.11033425220288448,0.056528174655341726,0.10341156701518917,0.05380462796860154,0.05077531308415905,0.016963769930199046,0.05696223646549108,0.02932734427691704,0.028173813308820378,0.06070973860389724,0.1541621015600694,0,1,0.44570948778665603,0.34629900414539416,0.1541621015600694,0.07003339990292877,0.04277703807044959,-0.16207685151926687,2.912802218423336,7
과학기술,과학기술정보통신부,과학기술혁신지원,국가과학기술 지식정보서비스,0.012512170091834853,0.29387606059997734,0.1347287379844722,0.1603886171719928,0.04973540777880803,0.09426794034418935,0.0641187842157995,0.04163822535891663,0.05436470678948308,0.05705077804887214,0.01717951537124711,0.02013905624440702,1,2,0.4411169686762844,0.2544910660287255,0.02013905624440702,0.06427744262777363,0.05008516565928353,-1.2364835029749741,1.1820472873900292,7
과학기술,과학기술정보통신부,과학기술혁신지원,기획평가기관지원,0.19236466947112896,0.1426257457330245,0.10520182901677824,0.09209169802322356,0.09178872524894403,0.07353797685448542,0.06376994607736088,0.0657432534333752,0.057952415200856464,0.08467089509060365,0.01590962232697369,0.014343223523245408,0,1,0.4401922442209317,0.3023893556524153,0.014343223523245408,0.03725030195388485,0.02967142987448465,-0.9522496476933556,0.8600590946055843,7
과학기술,과학기술정보통신부,과학문화창달,과학기술문화창달사업,0.0859948418935316,0.16634174429617318,0.0704107459496511,0.09438467643631783,0.1112099843182362,0.07344502954037728,0.0934081165907629,0.054098811747207716,0.02894606909125649,0.11033056852855033,0.02977521431260784,0.08165419729532758,0,2,0.3227473321393559,0.39821297756571283,0.08165419729532758,0.026989604591919427,0.007834900948155013,-1.075861175373774,2.0577163333497173,9
과학기술,과학기술정보통신부,기초연구진흥,기초연구기반구축사업,0.12687145598661692,0.20617715462839084,0.1804169782937916,0.07234109136994907,0.014049256612359009,0.13052709241340207,0.04670719491575819,0.0665169241364457,0.03722122608886326,0.06385807281964415,0.029187255451146792,0.02612629728363236,0,2,0.5134655889087993,0.26961697069549045,0.02612629728363236,0.05118877648750104,0.04656476992813857,-0.9043569178602985,0.6826056571155332,7
과학기술,과학기술정보통신부,미래유망원천기술개발,나노·소재기술개발,0.2571713336862369,0.1776753849996774,0.23423244482811867,0.09368780617145349,0.07760150481102608,0.08131628783706635,0.04129349502155054,0.011599745145611977,0.007499107573134478,0.008425693771510544,0.00883390930547086,0.0006632868491426889,1,1,0.669079163514033,0.07831523766642108,0.0006632868491426889,0.09885981120482142,0.04711233493311746,-0.8997300396358924,0.0,6
과학기술,과학기술정보통신부,미래유망원천기술개발,바이오·의료기술개발,0.45458874586689874,0.14325067288197313,0.16244797535853733,0.09733692733206079,0.05412734498683959,0.02856776889016562,0.023359464672836457,0.010236278518320428,0.0125720887968116,0.01232299836593408,0.0008076679306929228,0.000382066398929187,1,1,0.7602873941074091,0.05968056468352468,0.000382066398929187,0.11079434827188687,0.06740844235719994,-0.5396603580339929,0.0,7
과학기술,과학기술정보통신부,미래유망원천기술개발,에너지·환경기술개발,0.16198243677001883,0.2649658907264426,0.19825966903417977,0.1328268520383232,0.06564545781692685,0.07737009236113089,0.04648377215114939,0.022968860773722795,0.022797465560898712,0.0049058966144204085,0.0017936061527865465,0.0,1,2,0.6252079965306412,0.09894960125297786,0.0,0.09766730763967896,0.05562344908048996,-1.005555420195302,0.0,7
과학기술,과학기술정보통신부,미래유망원천기술개발,첨단융합기술개발,0.2567557362409319,0.28805342805207096,0.1215032211071851,0.103062560482064,0.05472013620563843,0.08144866062715021,0.03568087058713612,0.020080184006547454,0.014270116880336008,0.019527730289837394,0.002464503075346258,0.0024328524457561803,1,2,0.666312385400188,0.09445625728495943,0.0024328524457561803,0.09516906705607203,0.06266029287533752,-0.7642769403905225,1.1177920141236253,8
과학기술,과학기술정보통신부,우주개발진흥,우주발사체개발,0.08946003554080145,0.07362116537720799,0.08219704109366899,0.06860905674114652,0.06554874349430355,0.054574024947916085,0.07067754630532908,0.08059234852280854,0.06429000389575469,0.16455474969885184,0.05719015252084445,0.12868513186136685,0,10,0.24527824201167842,0.5659899328049555,0.12868513186136685,0.02334045655079593,0.006528740046816452,0.9478818770990226,0.8903225806451613,6
과학기술,과학기술정보통신부,원자력 진흥,원자력연구개발사업,0.18632845875521808,0.04942066376462246,0.11375929272241793,0.11703778698655129,0.03907284070011359,0.16276518472678475,0.08649360299525477,0.0003621629597034525,0.12803203766879806,0.04564005445022575,0.006116298833426137,0.06497161543688375,0,1,0.34950841524225845,0.3316157723442919,0.06497161543688375,0.027426366015247287,0.01777395565467777,-1.3625940117325255,4.112005131964809,7
과학기술,과학기술정보통신부,원자력 진흥,원자력평화적이용체제구축,0.3709067358553943,0.17114018360721914,0.12932240211871274,0.09793969166091722,0.026238971938627616,0.08187976782813859,0.010674495212622722,0.025649996972605837,0.007934731548296733,0.03121888128768539,0.00471524349812127,0.0423788984716584,1,1,0.6713693215813261,0.12257224699099037,0.0423788984716584,0.09603758699653385,0.060581209648938004,-0.5133458680105477,0.7711693548387096,7
과학기술,과학기술정보통신부,출연연구기관지원,국가과학기술연구회 소속 출연연구기관 지원,0.0967253884644337,0.09447208486695172,0.14130988107469977,0.09324409144783485,0.08999207111874334,0.12701781179757302,0.07002205142141599,0.05837443567673665,0.0551907157290951,0.06891315095515603,0.057208050019573596,0.04753026742778624,0,3,0.3325073544060852,0.3572386712297636,0.04753026742778624,0.030961557786772658,0.004027575596973921,-1.485673307425588,0.719147706765007,8
과학기술,과학기술정보통신부,출연연구기관지원,직할출연연구기관지원,0.09184371074594347,0.10667114288766952,0.13241160629117077,0.09594005439006849,0.08586161675662507,0.10742871656962752,0.057801278694079736,0.05150795459059504,0.08817374993739308,0.07915231700816522,0.05407163164243685,0.049136220486225214,0,3,0.33092645992478376,0.37984315235889515,0.049136220486225214,0.024054927286209324,0.014348871619934188,-1.3075544002771355,0.7123473016222479,8
과학기술,기상청,기상서비스 진흥,기상산업 진흥,0.17048001806278368,0.07556420964252814,0.08520819415247152,0.07459330244935455,0.07816277878581071,0.08752082759555874,0.07587855526298551,0.0657666741192349,0.07245282448885355,0.06218332734614466,0.05991737451314756,0.09227191358112652,0,1,0.33125242185778336,0.4284706693114927,0.09227191358112652,0.018750305812165673,0.020560275212476452,-0.3804922571770386,1.3788684889556557,10
과학기술,기상청,기상연구,선진기상·지진 기술개발,0.2724118362586181,0.13282760640958366,0.05272975796063854,0.08983264263369783,0.09919255396813816,0.04963134103645139,0.021514613361818324,0.04765603076231691,0.03568319647235819,0.050261401342664665,0.05608311934156425,0.09217590045214993,0,1,0.45796920062884033,0.3033742617328723,0.09217590045214993,0.06105484098406556,0.032445001518671,-0.31352634898903153,1.2603468376572373,7
과학기술,기상청,책임행정기관 운영,항공기상정보시스템 운영,0.24953648663227854,0.039397268854668516,0.04839922782595911,0.03355756800418968,0.05257773982253868,0.06818410341191199,0.025298031744922275,0.041036175755951476,0.11081688937195634,0.0395577628837871,0.061013010559177044,0.23062573513265924,0,1,0.3373329833129062,0.5083476054484535,0.23062573513265924,0.0613635019354398,0.04926551180939585,0.41783331416267333,4.930371310089084,11
과학기술,원자력안전위원회,원자력안전관리,방사선방재환경안전관리,0.045694192508407984,0.16298459148384434,0.043424432512419835,0.16893632139867867,0.17130244486777912,0.05080335688017884,0.09144629354468255,0.06432036622909253,0.03803888901737255,0.12230197071336407,0.013206429937845246,0.027540710906334254,0,5,0.25210321650467216,0.3568546603486912,0.027540710906334254,0.042595080363379716,0.023337349538025905,-1.794946459015061,1.7585702597245394,6
과학기술,원자력안전위원회,출연연구기관지원,직할출연연구기관지원(R&D),0.11159412224774158,0.09897755014465791,0.09605459805347218,0.10464619304004708,0.10920478027969072,0.1195875741718357,0.06294919458048481,0.07766056618539546,0.0675629680425991,0.05475528565237302,0.060273826581885605,0.03673334101981681,0,6,0.30662627044587165,0.3599351820625548,0.03673334101981681,0.028279842500554594,0.003265726140941968,-1.6585304651348878,0.6918211463211748,11
과학기술,해양수산부,출연연구 기관지원,한국해양과학기술원 운영지원,0.19510767713230964,0.17576443042151518,0.0842960462659209,0.12491308990285359,0.12366307888903097,0.05722041186483401,0.043856597319467436,0.07366618939193854,0.014681021446098964,0.06599152902463178,0.03838570805199017,0.002454220289408867,0,1,0.45516815381974574,0.23903526552353574,0.002454220289408867,0.05470033796020616,0.021880353169871917,-0.974137726896989,0.0,7
교육,과학기술정보통신부,공공연구성과활성화,산학연협력 활성화 지원,0.10489755757262438,0.35104248131174276,0.16729729503840648,0.0895195482440032,0.09251818115371446,0.13162610352829568,0.03822273109289031,0.006911609224321796,0.007826231898962713,0.0029230950405695682,0.004817737820356615,0.002397428074112009,1,2,0.6232373339227736,0.06309883315121302,0.002397428074112009,0.10166088415255004,0.051103200223533464,-1.0778109331775243,0.20738987166146375,8
교육,과학기술정보통신부,과학기술인력양성,직할출연연구기관지원,0.05992138758802156,0.08018319492592071,0.16808102573312664,0.05833959044511524,0.051624226661836636,0.16806141964307014,0.034389731712214086,0.04572710086068782,0.14697010155997786,0.051233149586939294,0.03143990774530387,0.10402916353778616,0,3,0.3081856082470689,0.41378915500290914,0.10402916353778616,0.015352355749452984,0.01264555151757024,-1.566657418889198,3.2529519673160996,8
교육,교육부,교육행정지원,행정업무정보화 지원,0.3392196204581317,0.10495453669346326,0.33273677329162177,0.02762262800799217,0.00881993948510579,0.021474482467746327,0.02911478289769901,0.03256678647700422,0.03831080614321679,0.011079116687384814,0.011507556819354921,0.04259297057127926,1,1,0.7769109304432167,0.16517201959593902,0.04259297057127926,0.10248808429189676,0.07265697450766027,-0.50003434569983,5.080383523100761,11
교육,교육부,국립대학 운영지원,국립대학병원 여건개선,0.02515385425596045,0.019027891226841797,0.12891438274244635,0.033527720324429376,0.113717208891982,0.06562655124867588,0.059272412255825024,0.1474375940057598,0.07595805964652255,0.08265444752717892,0.12852280436151547,0.12018707351286238,0,8,0.1730961282252486,0.6140323913096641,0.12018707351286238,0.020878306360645086,0.015528468796436474,2.10881632574331,1.7673893652352017,7
교육,교육부,맞춤형 국가장학제도 기반 조성,맞춤형 국가장학금 지원,0.012232817974607308,0.3917083483298297,0.10538939712197364,0.1144920680608614,0.008457698764797118,0.01807840801651009,0.1376720742235171,0.04025017746641081,0.10336048409816026,0.06135026281152948,0.002537554156711493,0.004470708975091604,1,2,0.5093305634264106,0.34964126173142074,0.004470708975091604,0.04891221085166211,0.088951937300755,-0.9728808121639804,0.4012813419611428,7
교육,교육부,맞춤형 국가장학제도 기반 조성,한국장학재단 출연,0.06080786373857331,0.1816793935530121,0.09691624401750694,0.17954873803668867,0.0406893775395798,0.044744638440683306,0.10295760720481324,0.09791236771068977,0.0760416669754856,0.0351298199539939,0.06005699769238652,0.02351528513658682,0,2,0.33940350130909236,0.3956137446739558,0.02351528513658682,0.033468228024134204,0.04099090756987451,-1.4101002791931823,0.3933870967741936,6
교육,교육부,산학연 협력 활성화,전문대학 혁신 지원,0.0,0.11629373846987422,0.1250924133639717,0.17751981641988734,0.10922031012432376,0.217808577345777,0.04472699122618242,0.042755126613603596,0.05972337385385426,0.044217245038063714,0.01550307259037772,0.04713933495408424,0,6,0.24138615183384593,0.25406514427616594,0.04713933495408424,0.06973048733701841,0.021029898156727195,-1.9196670840071937,0.0,6
교육,교육부,학술연구 역량 강화,인문사회학술연구 조성,0.005708642318889391,0.15531581401983932,0.11393323926674648,0.15541503119177136,0.1074257019336472,0.15717026128710873,0.16502976231356672,0.07789205652181917,0.013110497327372924,0.045534494015058,0.0034644998041806025,0.0,0,7,0.2749576956054752,0.3050313099819974,0.0,0.077552725685395,0.015358145882232095,-2.087694634487837,0.0,9
교통및물류,국토교통부,고속철도건설,고속철도건설,0.07317494164445694,0.05859161993036128,0.12495091838653992,0.12769936979170227,0.08919204706599261,0.1316852638420165,0.12038523215270731,0.05023019360676593,0.05202006834768399,0.04563472134044164,0.06274275820889624,0.0636928656824353,0,6,0.25671747996135813,0.39470583933893044,0.0636928656824353,0.03662110309898816,0.008976097633531683,-1.9220934554384594,1.4787882677916804,6
교통및물류,국토교통부,국토교통연구개발,국토교통기술역량강화(R&D),0.2409986212590315,0.19394599770983473,0.27596039370454484,0.09156426186852305,0.07323994061504796,0.04061130663287563,0.05002481362359525,0.02304830134843172,0.007453219284777069,0.0019180265435960646,0.00046537691465317935,0.0007697404950890488,1,3,0.7109050126734111,0.08367947821014234,0.0007697404950890488,0.10574330404752974,0.06085243506428769,-0.8838970877303881,1.2101818945144847,11
교통및물류,국토교통부,국토교통정보화,건설사업정보화(정보화),0.0228924620068299,0.11026154812918303,0.2960624855881492,0.09144558869980512,0.09722629188044336,0.1139020584175301,0.06410564197887379,0.0790433931088188,0.014498591900149118,0.006785330868639977,0.025172930413126765,0.07860367700845088,1,3,0.4292164957241621,0.26820956527805934,0.07860367700845088,0.07139731763351477,0.027392591751115445,-1.430252963257738,4.067474775766954,7
교통및물류,국토교통부,국토교통정보화,철도정보화(정보화),0.0,0.13933688645102177,0.1880808090640478,0.10211652699919045,0.09528445072545559,0.14018694873358598,0.047789986010765936,0.044168525309909126,0.017920349766517293,0.0708524636264462,0.06367931566188481,0.09058373765117508,0,3,0.3274176955150696,0.33499437802669846,0.09058373765117508,0.04749629512753948,0.016753935312563677,-1.3552612013566077,1.7679454001679256,10
교통및물류,국토교통부,일반철도건설,일반철도건설,0.19534321323407342,0.06529677900239259,0.10836962433881628,0.1347823233146887,0.10745113831442883,0.10627057341769564,0.03223236920569809,0.026756085513528045,0.04718694194194882,0.055761843323002006,0.06139452313169672,0.0591545852620309,0,1,0.3690096165752823,0.2824863483779046,0.0591545852620309,0.044955145369437226,0.01252263206654651,-0.9207497669815481,1.208007055616431,10
교통및물류,국토교통부,자동차및교통정책,교통사고예방및피해자보호,0.19960293295622256,0.05631601171854695,0.3090538593277288,0.08990466680591808,0.12072148567105624,0.02052785828753453,0.02241042844170368,0.03481914210915555,0.0726373684165436,0.015494709817280461,0.02154347552438019,0.03696806092392943,1,3,0.5649728040024983,0.2038731852329929,0.03696806092392943,0.07687720711051658,0.04115400469752492,-0.9221138187887643,0.35662671566095533,11
교통및물류,국토교통부,자동차및교통정책,자동차안전도강화,0.10506309815282487,0.49510147135858557,0.2784676949447813,0.01890565108663007,0.0062259934353545284,0.03166777200220342,0.002284307324282211,0.006163211497196874,0.010108729568964013,0.014963220817637247,0.015859663060964896,0.015189186750575063,1,2,0.8786322644561917,0.0645683190196203,0.015189186750575063,0.13486667523290718,0.10887237850877451,-0.6360968299859151,18.15752596015848,11
교통및물류,국토교통부,철도안전및운영,철도안전(일반),0.0766284741304257,0.08216863152792558,0.11550348283665125,0.11007578285203934,0.13985890018120098,0.15802178190040791,0.06093151223061863,0.044996455084983365,0.056283964212011095,0.06816279874262249,0.04270443437531193,0.0446637819258017,0,6,0.27430058849500255,0.31774294657134916,0.0446637819258017,0.04365368856446588,0.015263191069901913,-1.8383668079802615,0.6935764162878828,11
국방,국방부,정책기획 및 국제협력,한국국방연구원 운영,0.31118422857071815,0.0,0.11290941127340993,0.17940667145075453,0.0,0.06734432681761147,0.14737000160155733,0.0,0.0063304397598556465,0.05635123829989142,0.06252011881920475,0.05658356340699681,0,1,0.42409363984412807,0.329155361887506,0.05658356340699681,0.04856130696968882,0.03373807014910684,-0.60864708341738,0.8553320505106963,7
국방,방위사업청,방위사업정책지원,국방과학연구소,0.09495061045626467,0.07837657086871785,0.09023701112842201,0.07618878604193775,0.0834843438466516,0.1647978292996966,0.04972416204710541,0.047180890572096436,0.08246690897969351,0.05490868531713344,0.07427038038511,0.10341382105717072,0,6,0.26356419245340457,0.41196484835830954,0.10341382105717072,0.014050383616272444,0.01991468340649093,-1.3512411872885577,1.2765839877146599,8
국방,방위사업청,방위사업정책지원,국방기술개발,0.07690013822099656,0.07852690126107503,0.09045339334904544,0.08359762755462635,0.09499829219337395,0.18962095383055794,0.023817262823480723,0.031363470834520533,0.06899802559107346,0.03990282167793044,0.09229206132124523,0.12952905134207432,0,6,0.24588043283111705,0.3859026935903247,0.12952905134207432,0.021480001268314414,0.034358856767309036,-1.1617412767332282,1.309363989355277,8
국방,방위사업청,방위사업정책지원,국방기술품질원,0.1036909191159496,0.07875586926879284,0.10255242289194004,0.09485962449230947,0.06887910177133769,0.13473926236390268,0.05643852952620602,0.05559890510461437,0.05601557276522235,0.0609520153160089,0.07098053088447927,0.1165372464992368,0,6,0.2849992112766825,0.4165228000957677,0.1165372464992368,0.020011826562006382,0.016270876587259196,-0.8869036917562074,1.7138165640982992,8
국방,방위사업청,방위사업정책지원,방위산업육성지원,0.060924205559149784,0.07564898518866044,0.10156715387492914,0.08629918709407232,0.07165822897556935,0.1970194892180191,0.05242634024947274,0.061671961654175614,0.08131260034028664,0.054412403604835916,0.04163803133665907,0.11542141290416989,0,6,0.23814034462273936,0.4068827500895999,0.11542141290416989,0.022484992679165716,0.017318077029336697,-1.9902732832429768,5.188020393193151,8
국방,방위사업청,유도무기사업,유도무기 연구개발,0.046530861479954555,0.1375137836738016,0.17859381403843771,0.04709156972607231,0.0831209501528195,0.21543133620725968,0.002750278386025291,0.029441378706868176,0.03863484375916805,0.03512247688860419,0.04967356548073317,0.13609514150025573,0,6,0.36263845919219384,0.2917176847216546,0.13609514150025573,0.04723557458351926,0.016792775569141116,-1.126089052089513,2.196040992786065,8
국방,방위사업청,지휘정찰사업,지휘정찰 연구개발,0.03307623175846525,0.07120395781502292,0.21864338702091285,0.0693522841602859,0.0612027870072966,0.2608262661502567,0.0035786521637162574,0.00928472960455869,0.03898821132363001,0.03149512076161112,0.0729114734207987,0.129436898813445,0,6,0.322923576594401,0.2856950860877598,0.129436898813445,0.04790131571929334,0.027196999503446683,-1.3426038915912564,1.6124760096818758,8
국방,방위사업청,함정사업,함정 연구개발,0.02484465596561697,0.01904859813998038,0.20195929104315713,0.047460559149531664,0.21386676716816708,0.19105850789533502,0.002991507137878834,0.00959919986076493,0.03830138673836844,0.027476842382923857,0.08685184205066174,0.13654084246761397,0,5,0.2458525451487545,0.30176162063821177,0.13654084246761397,0.05061657652724368,0.0568459205792407,-1.5670282039358678,2.2245842798435875,8
국토및지역개발,행정중심복합도시건설청,행정중심복합도시건설 운영,행정중심복합도시건설청 운영,0.09086637037054739,0.11069671848718676,0.0867873050962023,0.07981454431880396,0.08476660418792235,0.1496662520441417,0.05724981429836866,0.02015178284476825,0.04425553930028667,0.04206932762527324,0.03240897344958011,0.20126676797691864,0,12,0.28835039395393647,0.39740220549519556,0.20126676797691864,0.034349316615315185,0.03813249237100735,-0.7428031556959981,4.826591438524266,11
농림수산,농림축산식품부,농산물수급안정및유통효율화,농산물가격안정및수급조절(농특),0.15713422515938547,0.018909405187342965,0.13629542938323974,0.12539278192758052,0.04478712334519884,0.06871045724068438,0.10377152644758,0.044034952140921325,0.0040959567854170955,0.1824870769651272,0.028570575187317926,0.08581049023020457,0,10,0.31233905972996817,0.44877057775656815,0.08581049023020457,0.01931663641081817,0.008312003960552669,-0.44916205373469553,0.026782046361395022,7
농림수산,농림축산식품부,농업신산업육성,농식품기술개발(농특),0.33221641190481443,0.1377058703654416,0.1162038400472959,0.10016217158917397,0.0852161899887431,0.12435315337044957,0.03959153382377174,0.03374611798802352,0.010451704042844978,0.017574052403970936,0.002778954475470219,0.0,1,1,0.5861261223175519,0.10414236273408141,0.0,0.07665781069731044,0.05064418017643247,-0.8980178913941086,0.0,6
농림수산,농촌진흥청,농업기초기반 및 실용화 기술개발,농업신성장동력연구,0.07479643117375909,0.07416571700885799,0.22321463236935438,0.13613955327284835,0.07307002760396421,0.16374251282189073,0.06495637993762127,0.04281692580867196,0.034689553031022176,0.023918411175911952,0.02962834894492468,0.058861506851173286,0,3,0.37217678055197145,0.25487112574932536,0.058861506851173286,0.06361392640159201,0.008808785454922976,-1.521780655110905,1.6893191142261,8
농림수산,농촌진흥청,농업기초기반 및 실용화 기술개발,농업정책지원및기반육성,0.20973906766251385,0.08563496052306628,0.160522582189342,0.10103971733634359,0.06368291757964546,0.09558517763056933,0.035590717675933616,0.03707470687161365,0.047915338317844725,0.030483461787447305,0.04998586928292196,0.08274548314275827,0,1,0.45589661037492213,0.28379557707851955,0.08274548314275827,0.05506525066176757,0.01811600830128271,-0.6913054962430472,2.143104014797113,6
농림수산,농촌진흥청,농업기초기반 및 실용화 기술개발,농자재관리 및 평가,0.015343320709943918,0.012808299299295058,0.20470900364194913,0.24603343003628614,0.12196473385311274,0.1189912436998485,0.07649349836281982,0.05006080091450771,0.059099820052675646,0.02458563665474681,0.014206517157772807,0.05570369561704176,0,4,0.23286062365118812,0.28014996875956455,0.05570369561704176,0.07865738377145058,0.04339177027413462,-1.848306848087332,2.8232968791651003,11
농림수산,농촌진흥청,농업기초기반 및 실용화 기술개발,지속가능한농업연구,0.004111853553389774,0.05478380388484563,0.32488268433984174,0.07667074657605995,0.07095393809418349,0.209331735242977,0.04068172160553763,0.05415297078960523,0.06240296888337062,0.011586097753870858,0.03938219765748693,0.05105928161883113,0,3,0.3837783417780771,0.2592652383087024,0.05105928161883113,0.06722197793938503,0.025490612566424115,-1.714190716032306,1.235646898321904,6
농림수산,농촌진흥청,농업기초기반 및 실용화 기술개발,차세대바이오그린21,0.0011507633539068773,0.15234017683482545,0.2594347302570165,0.08240587247310675,0.07559753142180961,0.15771487429561512,0.08826535521178329,0.04267652633935503,0.03694433394035502,0.02153774169943201,0.03273709976317541,0.049194994409618935,1,3,0.41292567044574885,0.27135605136371965,0.049194994409618935,0.0666295820675278,0.025563337377682013,-1.5615637477184294,1.5056352733751555,11
농림수산,농촌진흥청,농업기초기반 및 실용화 기술개발,"현장실용화농업기술(농특,구조)",0.1393061947167489,0.05156232557669763,0.14939743703063796,0.16407910168089235,0.10137584812712169,0.12571745817519864,0.10866601844540046,0.03560568596364416,0.02784561929470954,0.018562676273128586,0.03548362489851075,0.042398009817309346,0,4,0.3402659573240845,0.2685616346927029,0.042398009817309346,0.059580965842091244,0.008373872478926249,-1.5704268858645465,1.328027743077118,9
문화및관광,과학기술정보통신부,정보통신방송기반조성,전파방송산업 활성화,0.05830471689446613,0.11710072357632084,0.13268315045145512,0.15813693401135465,0.06992082176160713,0.11547278990609075,0.04340970919697814,0.027692981273978946,0.08901312881706167,0.08095417923087245,0.041775906353069714,0.06553495852674444,0,4,0.3080885909222421,0.3483808633987054,0.06553495852674444,0.036106423062316935,0.02582682202575232,-1.3053186455485237,0.8404533565823888,9
문화및관광,과학기술정보통신부,콘텐츠방송산업육성,콘텐츠 진흥,0.0055844474643551535,0.19927362302182527,0.09091192171036204,0.27867246387174693,0.04296683481934465,0.04060611990080724,0.12106709797233267,0.07810376653760198,0.016296795395407144,0.06861956270660229,0.013002448472256102,0.044894918127358484,0,4,0.2957699921965425,0.34198458921155866,0.044894918127358484,0.059899340685851836,0.04045548051976428,-1.527674248849723,15.105419179316199,9
문화및관광,문화체육관광부,건강한 저작권 생태계 조성,저작물 이용 및 유통환경 조성,0.12235004166850824,0.18633622380672854,0.13964199260731966,0.1688927845362138,0.11651383260723862,0.037950909362418093,0.12019408340740041,0.06653472414072445,0.013186206330907297,0.01666921210640545,0.01019477984617814,0.0015352095799572919,1,2,0.4483282580825565,0.22831421541157307,0.0015352095799572919,0.07334956285025529,0.03614797978190072,-1.377735933679158,0.0,10
보건,보건복지부,보건산업육성,보건의료연구개발,0.37231274040185647,0.12830146469783704,0.03900552782288205,0.11454127674042,0.053229764863052864,0.04041723957669707,0.03735290854010293,0.07080261368163342,0.026953884299529718,0.02171192283196772,0.038337981883486354,0.05703267466053434,0,1,0.5396197329225756,0.2521919858972545,0.05703267466053434,0.07008838258544657,0.05819874375294201,-0.3308417755120918,1.2066347650259168,11
보건,보건복지부,보건의료서비스지원,보건의료기술 평가연구,0.13003446461368476,0.09802122363784822,0.09367063432196657,0.12715775745025198,0.09520889825101712,0.09468649562052607,0.0926466711472356,0.05263826451773808,0.04050362412373694,0.0718593515948817,0.060824656143607804,0.0427479585775052,0,1,0.32172632257349953,0.36122052610470534,0.0427479585775052,0.030736554047275655,0.003968604025992775,-1.3460368711251123,0.9657435295807304,7
보건,식품의약품안전처,의약품안전성제고,의약품 안전기반 구축,0.32316695079838226,0.06150737942727378,0.09533105797226377,0.07627564933337629,0.04156428462953833,0.12472142121498521,0.06234078366748526,0.03397339334454443,0.06625417649006284,0.0753628444222637,0.03756027174099034,0.0019417869588338264,0,1,0.4800053881979198,0.27743325662418045,0.0019417869588338264,0.03628596585406455,0.038155790241780695,-0.5017803667254356,0.0,11
사회복지,고용노동부,노사정책,노사협력,0.08443366612827136,0.09214672818264052,0.160352545349277,0.0830357494390117,0.06420593644109449,0.04796642723886558,0.07281049502523552,0.04741078415873818,0.08800635486759675,0.06747589717365357,0.0705623466337718,0.12159306936184353,0,3,0.3369329396601889,0.4678589472208394,0.12159306936184353,0.027361045749446675,0.01307746504729509,-0.3628117837924337,1.8524749145468553,11
사회복지,고용노동부,직업능력개발,한국기술교육대학교출연,0.08704537107001988,0.131706270301755,0.12243653611443112,0.10431432010230496,0.10122925122186695,0.12494004215675948,0.043358469698080965,0.045719611795446015,0.06320853889989225,0.05217392511524492,0.05396829641535869,0.06989936710883977,0,2,0.341188177486206,0.3283282090328626,0.06989936710883977,0.0380129757850847,0.0025550301925355524,-1.2288916422143865,1.1929950484970397,8
사회복지,고용노동부,직업능력개발,한국산업인력공단출연,0.09814828226109208,0.14035744610823594,0.12995677491700175,0.08496196114168762,0.09696360389511821,0.11334295644168528,0.055095808549869486,0.05027602093549228,0.06624245312087629,0.04791628996160509,0.05367953408401635,0.06305886858331965,0,2,0.3684625032863298,0.3362689752351792,0.06305886858331965,0.03638292128166799,0.010012327912315547,-1.1572088302244983,0.9627137943251279,8
사회복지,고용노동부,직업능력개발,한국폴리텍대학출연,0.07069091691963271,0.10160486810469717,0.11095231227998073,0.08273766031156839,0.12660286744934562,0.1530285867681002,0.06115926893517835,0.05036756595271442,0.07816914227198642,0.04713399554488225,0.055852295492977794,0.06170051996893598,0,6,0.2832480973043106,0.35438278816667523,0.06170051996893598,0.03357525740176203,0.008096310588263425,-1.7918594402715817,1.1732271471326459,8
사회복지,보건복지부,일반보건복지행정지원,국제협력관리,0.1602657826511176,0.1300085419682431,0.013142072315601699,0.22288211813747869,0.1842871367643086,0.020529882919733306,0.09857400381537386,0.04370173312000548,0.020972222665982903,0.048189067375403856,0.014996954615906177,0.042450483650844806,0,4,0.3034163969349624,0.26888446524351706,0.042450483650844806,0.058850377658457124,0.008053336118472405,-1.3802979728478233,1.5196407264113767,11
사회복지,보건복지부,일반보건복지행정지원,보건복지인력개발,0.20355310028041265,0.058258322914844826,0.050294862259492264,0.2183381043966784,0.052246918506582925,0.058297117642546865,0.1054173769703496,0.023564961724249114,0.03091268175424464,0.06936778505723304,0.05357030290960917,0.07617846558375646,0,4,0.3121062854547497,0.359011573999442,0.07617846558375646,0.03860643718950655,0.012655683159382279,-0.8434189488687235,2.147146396819842,11
산업·중소기업및에너지,과학기술정보통신부,지역경제활성화,광역경제권거점기관지원,0.19382432654509377,0.1055378168100332,0.12494013485564148,0.15957222317519204,0.1262143644002013,0.15707891609615832,0.017273662850488,0.019149467703105303,0.04218096543480145,0.027692203714922994,0.02486779870387036,0.0016681197104918652,0,1,0.42430227821076844,0.13283221811767998,0.0016681197104918652,0.07100029822076044,0.0028144127082649698,-1.3157362201269067,0.05622250886973686,6
산업·중소기업및에너지,산업통상자원부,산업경쟁력기반구축,산업기술기반구축,0.14095032103924532,0.15274274380076286,0.09582183414771712,0.09087811504859433,0.0785544886213372,0.10603044374052496,0.04591288372805119,0.09195098155358356,0.052705934104485,0.07457733544834645,0.05752326580117259,0.012351652966179422,0,2,0.3895148989877253,0.3350220536018182,0.012351652966179422,0.02801246134721382,0.02243426005291473,-1.0908946200106506,0.04184443047135089,9
산업·중소기업및에너지,산업통상자원부,산업기술표준및제품안전관리,국가표준혁신및국제협력,0.08430340692530933,0.2578492768716724,0.12953666133404834,0.12759136985954542,0.10008681633855612,0.043324059104617695,0.09223286143157094,0.031958714489536334,0.0337263090002763,0.03263027275091054,0.027479424156057496,0.0392808277378991,1,2,0.47168934513103006,0.25730840956625073,0.0392808277378991,0.06768339301225494,0.036328514534258914,-1.0676999640414737,1.8484698305299134,10
산업·중소기업및에너지,산업통상자원부,신산업진흥,로봇산업진흥,0.16367229783953893,0.08449564630647773,0.10569714378727267,0.1112252958660621,0.044944324536124944,0.09977181020550817,0.06157739206511803,0.021040928582997637,0.05764057254822945,0.045220712217115,0.07721031398837509,0.12750356205718025,0,1,0.35386508793328936,0.39019348145901545,0.12750356205718025,0.04029585207298259,0.019304873250250657,-0.41527038973271146,0.0,7
산업·중소기업및에너지,산업통상자원부,신산업진흥,산업융합및창의산업진흥,0.06266196332058316,0.0727586307085862,0.2174058180033618,0.08569446433258505,0.27601772730730023,0.09328099784229354,0.013065925791048337,0.08407098237935347,0.022003961008493694,0.042051311422829245,0.01886748873686683,0.012120729146698464,0,5,0.3528264120325312,0.19218039848529003,0.012120729146698464,0.07907888250189458,0.031347063475372465,-1.7004856921281746,0.01800338463631163,6
산업·중소기업및에너지,산업통상자원부,에너지기술개발,에너지수요기술,0.044483186063750506,0.3055442408365503,0.08700801887268447,0.12421524892598011,0.1133223467272814,0.1245245408376458,0.05120664724514741,0.028567493530780745,0.0702916302240347,0.03651408692036361,0.006871788816929728,0.007450770998851249,1,2,0.43703544577298525,0.20090241773610745,0.007450770998851249,0.06682015247856866,0.03487418160679166,-1.352338076847467,0.07553431567768486,9
산업·중소기업및에너지,산업통상자원부,에너지기술기반확충,기반구축,0.09174949893349062,0.15323708140713907,0.1824600430041605,0.180428787610117,0.22959819992256603,0.11862288430020763,0.011084819897538928,0.010534861618971313,0.012925048712836762,0.06430243258734325,0.01956813877066546,-0.07451179676503657,1,5,0.4274466233447902,0.04390350482231915,-0.07451179676503657,0.10216440685667165,0.04440198887957079,-1.5434817994860295,0.4838709677419355,7
산업·중소기업및에너지,산업통상자원부,에너지자원정책,가스안전관리,0.05877201888130746,0.14514561859596056,0.08041479201314555,0.147431497002864,0.16984826689421229,0.17226471514979513,0.05105468692926687,0.02979883729701853,0.023381133873769954,0.050318051144567805,0.03891350732378958,0.032656874894302246,0,6,0.2843324294904136,0.22612309146271498,0.032656874894302246,0.06510349808968123,0.021474982131409016,-1.6997794061326073,0.8071773215064877,6
산업·중소기업및에너지,산업통상자원부,에너지자원정책,에너지자원정책지원,0.011134163598764556,0.061987467921180796,0.1087091497749932,0.23211297938720266,0.15479543175851251,0.06490585553380286,0.06731921431872585,0.0401250784737369,0.05525716005930328,0.059292755210717196,0.06124710012481304,0.08311364383824711,0,4,0.18183078129493857,0.36635495202554336,0.08311364383824711,0.05079938713847251,0.0484262894809964,-1.7074811529661094,3.9947108789292938,6
산업·중소기업및에너지,산업통상자원부,재생에너지및에너지신산업활성화,기후변화협약대응,0.03497090950277188,0.16097934587625737,0.14847173144024475,0.18139410993666436,0.18766743072223924,0.12287636221124641,0.08149863779261407,0.025381155814653205,0.015484030060045624,0.022539931522321494,0.0031133210098841513,0.015623034111057513,1,5,0.344421986819274,0.16364011031057607,0.015623034111057513,0.0928882784535452,0.017335114023947093,-1.6566023156623253,0.5586123753195282,6
산업·중소기업및에너지,산업통상자원부,중견기업육성,중견기업역량강화,0.015238624999301918,0.3906509312952107,0.14005865393496292,0.19125986137821635,0.11238642322823796,0.03966686306943024,0.030169814894811617,0.04532780853889427,0.012871916581455693,0.007895151439468388,0.008011765248891252,0.0064621853911186146,1,2,0.5459482102294755,0.11073864209463985,0.0064621853911186146,0.10536842466583984,0.06151808251706858,-1.1351731229669277,2.4544962365591396,6
산업·중소기업및에너지,산업통상자원부,지역경제활성화,기업입지환경개선,0.055136085253364754,0.30650773681170707,0.1416487570978965,0.20283660249253696,0.05693072331319019,0.044222717429985944,0.008998999601276434,0.026189185485445594,0.10768014722676438,0.027563866018727314,0.018045967288353077,0.0042392119807517946,1,2,0.5032925791629683,0.1927173776013186,0.0042392119807517946,0.07856816464192166,0.07006469074336273,-1.0072638478547165,0.16602159647187026,7
산업·중소기업및에너지,산업통상자원부,지역경제활성화,지역산업거점기관지원,0.05188978893096511,0.2922178729328789,0.12647947375216315,0.06536276000720963,0.13170521749066003,0.19589954894944284,0.04103952783286007,0.0262910219266574,0.009200211711518554,0.010114483811033371,0.034547456073611184,0.01525263658099982,1,2,0.4705871356160072,0.1364453379366804,0.01525263658099982,0.07896942899196248,0.024532184430005214,-1.3694334734335731,0.5812458570798834,6
산업·중소기업및에너지,산업통상자원부,지역경제활성화,지역산업경쟁력강화,0.09440456434452153,0.1572105576205473,0.21063740499402586,0.12903540781286518,0.14500462933555094,0.1549100451634229,0.00994787786876867,0.03641719211650137,0.020355315973604314,0.015322218810015322,0.008610312795373618,0.01814447316480297,1,3,0.4622525269590947,0.10879739072906627,0.01814447316480297,0.08906420637590799,0.01632453314495883,-1.3871860616218459,0.5638238362120874,6
산업·중소기업및에너지,중소벤처기업부,중소기업기술개발지원,기술개발인프라구축,0.018847675272687207,0.11017463151760734,0.18683810328939174,0.18221907799789733,0.1335569503036865,0.07629017121960288,0.0874406647799326,0.051238204123189864,0.04434959171976416,0.060113453840972,0.023403842234064495,0.025527633701203898,0,3,0.3158604100796863,0.29207339039912705,0.025527633701203898,0.06638978077474236,0.03830967354183114,-1.6848826864083533,0.9868816227068925,7
산업·중소기업및에너지,중소벤처기업부,중소기업기술개발지원,기술개발지원(R&D),0.1716365211183928,0.19833002135704472,0.16588227705963093,0.1415046924485249,0.05842938914003777,0.07138896147590805,0.06958930753446062,0.017189576942959917,0.03183715621097468,0.04340327192170989,0.02276642185743801,0.008042402932917705,1,2,0.5358488195350685,0.19282813740046084,0.008042402932917705,0.07435973501443868,0.038005353323481726,-0.9671777992507753,0.0,8
산업·중소기업및에너지,중소벤처기업부,중소기업기술개발지원,중소기업경쟁력강화,0.09698577398931475,0.09628741500856113,0.14942488357183423,0.2344625032263778,0.07496348905902346,0.10356303630280793,0.10766315141009057,0.039814800072068925,0.06300184319624332,0.025678196430468644,0.007383572463025285,0.0007713352701839888,0,4,0.3426980725697101,0.24431289884208077,0.0007713352701839888,0.07063514265011407,0.027120461563478696,-1.668564705339629,0.054627089380666946,7
산업·중소기업및에너지,중소벤처기업부,중소기업행정지원,정책정보제공기반구축(정보화),0.005182623326881816,0.5007857586368731,0.18312760427566488,0.04974486680659283,0.014118837315105503,0.053350696474405025,0.023630488722131034,0.03284729027292614,0.032615920257111575,0.023710758714762956,0.02675304546213172,0.05413210973541338,1,2,0.6890959862394198,0.1936896131644768,0.05413210973541338,0.10050719646596155,0.09017090491809937,-0.6796347137315328,2.7210705259739534,8
산업·중소기업및에너지,중소벤처기업부,지역중소기업육성,규제자유특구제도,0.08357790710001393,0.14332912948143264,0.2545389592570197,0.08653601714683813,0.07272562395444647,0.1598605190545509,0.021234660723500026,0.025039595361599127,0.0680315782636474,0.03095520051784262,0.018467257376363743,0.03570355176274528,1,3,0.48144599583846626,0.1994318440056982,0.03570355176274528,0.06743115026603608,0.030129866038644346,-1.2608905920794429,0.9666669836992418,6
산업·중소기업및에너지,중소벤처기업부,지역중소기업육성,지역산업경쟁력강화,0.032772347902210945,0.16387177262879335,0.22786375132948058,0.11156867521333784,0.0872521268703692,0.1787890930802558,0.04991620655455449,0.037478404478438955,0.014934635751489822,0.0345710734498106,0.027979896591096395,0.033002016150162045,1,3,0.4245078718604849,0.19788223297555232,0.033002016150162045,0.07514428017841854,0.01793296185208357,-1.4755260720915109,0.967447481644285,7
산업·중소기업및에너지,중소벤처기업부,창업환경조성,창업활성화지원,0.12400725936673312,0.10323894972420486,0.19875659478418195,0.17317426361099353,0.11639250403333047,0.078431721874524,0.0846629100853447,0.04543799542440733,0.033701274077584775,0.023468789300357177,0.01564259668633945,0.0030851410319986455,1,3,0.4260028038751199,0.20599870660603206,0.0030851410319986455,0.07500154689332252,0.025874426922864093,-1.4453544079286686,0.0,8
일반·지방행정,공정거래위원회,경쟁촉진,한국공정거래조정원 출연,0.11421034154661865,0.10887226751169793,0.12235836515128985,0.11517996193226701,0.13178697470526504,0.12405436235690202,0.04793273289438331,0.047086308666435754,0.04715758663324555,0.04741527719613115,0.04741526557829657,0.046530555827467186,0,5,0.3454409742096064,0.2835377267959595,0.046530555827467186,0.0466287862261349,0.004001695384834968,-1.3981477102672468,0.967741935483871,11
일반·지방행정,공정거래위원회,소비자후생 증진,한국소비자원 출연,0.09820715847794916,0.12894621205681217,0.13801818150281508,0.1032050633751103,0.11344295413618571,0.12142022869332053,0.06721410644649572,0.06612338575131843,0.05403581553901404,0.03673202355828319,0.04152122213415914,0.03113364832853652,0,3,0.3651715520375764,0.2967602017578071,0.03113364832853652,0.04639327702928198,0.012267552302729799,-1.5232173905069843,0.9176791367090879,11
일반·지방행정,과학기술정보통신부,국가사회정보화,국제사회정보화선도국가위상강화(정보화),0.07916735069133557,0.1381406810769465,0.07687202268215215,0.21346953268536725,0.056987946926814116,0.041336544795760904,0.1272636892939854,0.05462748426612185,0.04093708853211527,0.11029741138259963,0.03290495041126969,0.02799529725553163,0,4,0.2941800544504342,0.39402592114162344,0.02799529725553163,0.03407072749535978,0.02651276132060731,-1.4796815410674287,0.284117711092565,8
일반·지방행정,과학기술정보통신부,국가사회정보화,산하기관운영지원(정보화),0.09414879305935998,0.13267493512201703,0.06421279220920534,0.1303834085443989,0.06309216584014841,0.10931477134699939,0.07038290312834006,0.059596039098668195,0.06218710292839297,0.09924689493931835,0.09086499257223601,0.023895201210915325,0,2,0.29103652039058237,0.4061731338778709,0.023895201210915325,0.015404063536130197,0.008422410006222047,-1.2632612492575752,0.0,8
일반·지방행정,과학기술정보통신부,국가사회정보화,생산적정보문화조성(정보화),0.0171056927609629,0.2547256194770178,0.13862512510310826,0.06901198397817926,0.11717307179005822,0.04759294098829335,0.0717038075666684,0.03877637587618697,0.030815689886552148,0.142162093355564,0.026492394849173654,0.045815204368235114,0,2,0.41045643734108894,0.3557655659023803,0.045815204368235114,0.04168231793346051,0.03557719899634452,-0.9793437010948769,0.8984421208593459,8
일반·지방행정,과학기술정보통신부,국가사회정보화,정보보호체계강화(정보화),0.007833336019152806,0.14974409474871533,0.16705649050806504,0.11182368397998585,0.14477209100612756,0.10948322344480785,0.10448497982991549,0.03320385288726555,0.03876432628308397,0.06804604381730565,0.035691499258499196,0.029096378217075735,0,3,0.32463392127593316,0.30928708029314556,0.029096378217075735,0.05870825093865095,0.0194595125860719,-1.7296931565938183,1.1022429351655465,8
일반·지방행정,국무조정실 및 국무총리비서실,정부출연연구기관 지원(R&D),경제인문사회연구회,0.15943108199402875,0.13520148299304743,0.09053180997385314,0.13578014425856835,0.11946839880404067,0.10498257101610414,0.05369979090240995,0.04779254360210816,0.040308368891754716,0.045167293853547716,0.044339120767570475,0.02329739294296644,0,1,0.3851643749609293,0.25460451096035747,0.02329739294296644,0.05004064678718274,0.0074436083618165385,-1.237473250818479,0.4693777731195193,11
일반·지방행정,국무조정실 및 국무총리비서실,정부출연연구기관 지원(R&D),과학기술정책연구원,0.142224993189825,0.13683907404225193,0.10676906900318679,0.1228966993353862,0.11427574145449432,0.09662459582933008,0.0606760339692229,0.05498600041484215,0.049442739181880094,0.04434684974872458,0.04015588886234756,0.030762314968508384,0,1,0.3858331362352637,0.28036982714552566,0.030762314968508384,0.04668290885100893,0.011647597600407752,-1.2549632694111204,0.7698565124587032,11
일반·지방행정,국무조정실 및 국무총리비서실,정부출연연구기관 지원(R&D),국토연구원,0.151852871825911,0.14045960547269143,0.10571039820729342,0.12580765868066285,0.11579467854052151,0.10048424470255841,0.06273598725195731,0.053822516573593535,0.0527443231673729,0.04565459854346,0.030273567378774624,0.01465954965520299,0,1,0.3980228755058959,0.25989054257036137,0.01465954965520299,0.04926859475825298,0.015238796651622135,-1.3193735229342645,0.17686643229926527,11
일반·지방행정,국무조정실 및 국무총리비서실,정부출연연구기관 지원(R&D),대외경제정책연구원,0.1374069150086715,0.13516225466223478,0.10599230059100401,0.1256493558770103,0.11980793691642724,0.10022947257056672,0.06132082836967698,0.05382232850603305,0.0518992178820811,0.04323790666065048,0.035856190287130794,0.02961529266851307,0,1,0.3785614702619103,0.2757517643740855,0.02961529266851307,0.04778788948175338,0.010380574648044708,-1.3225667365608165,0.7178484542368503,11
일반·지방행정,국무조정실 및 국무총리비서실,정부출연연구기관 지원(R&D),산업연구원,0.14656384987530247,0.13638871666945354,0.10372164913463156,0.12151241498374764,0.11271520813072736,0.0979006453387468,0.06163948592190293,0.05697004956617436,0.0492282751652986,0.044217825125860005,0.042209191274264625,0.026932688813890104,0,1,0.38667421567938753,0.2811975158673906,0.026932688813890104,0.045668319420463226,0.012461694985226148,-1.2583140807597573,0.8726719257130389,11
일반·지방행정,국무조정실 및 국무총리비서실,정부출연연구기관 지원(R&D),에너지경제연구원,0.15345348039688023,0.1589793452685156,0.09953530531741395,0.12357601986068487,0.11774317977659159,0.11725868406066321,0.06586049749856497,0.04776945517472564,0.039684134639595164,0.04464138803158712,0.01790586032267996,0.0135926496520977,0,2,0.41196813098280977,0.22945398531925054,0.0135926496520977,0.055503828319425345,0.017901275011072942,-1.346309079741073,0.05549758950197368,11
일반·지방행정,국무조정실 및 국무총리비서실,정부출연연구기관 지원(R&D),통일연구원,0.14859081692928988,0.13824442753201255,0.10535722174407246,0.12417980033224119,0.11432931571213323,0.09457230181818727,0.06175858014754842,0.05354394669392207,0.05135329423045705,0.04628382702046708,0.03414049979373131,0.027645968045937445,0,1,0.3921924662053749,0.27472611593206336,0.027645968045937445,0.047376575618892164,0.013440492156368174,-1.2518555641225526,0.9079509176556781,11
일반·지방행정,국무조정실 및 국무총리비서실,정부출연연구기관 지원(R&D),한국개발연구원,0.14873083222942546,0.13655044285332044,0.104215380837508,0.13432050842489904,0.11788657406882287,0.10316317740450139,0.060454329734760275,0.05331748750425113,0.04810206677173285,0.043531840839732744,0.03556500017333916,0.014162359157706656,0,1,0.38949665592025395,0.2551330841815228,0.014162359157706656,0.05082960049351134,0.011608473614238342,-1.3386094512935796,0.3298612341021183,11
일반·지방행정,국무조정실 및 국무총리비서실,정부출연연구기관 지원(R&D),한국교육개발원,0.1423307990154581,0.13592014788564297,0.10389794029955568,0.129429202861866,0.1250168867441569,0.10190097626762035,0.06621008079598739,0.05656300027956009,0.05370691576757363,0.04530361819746744,0.025217371085873675,0.014503060799237882,0,1,0.38214888720065676,0.2615040469257002,0.014503060799237882,0.0501146442745693,0.013334982396315176,-1.4227511259347236,0.5370077467758094,11
일반·지방행정,국무조정실 및 국무총리비서실,정부출연연구기관 지원(R&D),한국교육과정평가원,0.15604502001432005,0.1293318252868683,0.09969276636436715,0.123532852889146,0.12046293272274608,0.09794517298707342,0.06126227820779864,0.052115015699821916,0.05169241397395225,0.04613848651434187,0.03882667332510714,0.022954562014457145,0,1,0.3850696116655555,0.27298942973547896,0.022954562014457145,0.046252559895681535,0.010498995847593161,-1.278777879751812,0.50224308038233,11
일반·지방행정,국무조정실 및 국무총리비서실,정부출연연구기관 지원(R&D),한국교통연구원,0.14752507603426795,0.13672928765804096,0.1046998134702175,0.12291130885029632,0.11382747800919386,0.09703260863961477,0.06092577932917256,0.052185233812383096,0.0507455492204468,0.04556692474460886,0.034812832529435955,0.03303810770232135,0,1,0.38895417716252645,0.2772744273383686,0.03303810770232135,0.04702378385218037,0.01233920328050576,-1.239150549997044,0.8735130022718178,11
일반·지방행정,국무조정실 및 국무총리비서실,정부출연연구기관 지원(R&D),한국노동연구원,0.1465326244977729,0.13752754641061662,0.10494898157706012,0.12286309884822479,0.1142542307029884,0.09939898201254586,0.0623598808376703,0.054504219236677205,0.05137949947285056,0.047274276142914774,0.038161714595664024,0.020794945665014466,0,1,0.38900915248544965,0.2744745359507913,0.020794945665014466,0.04657275219376645,0.012849012313453353,-1.2926033684415523,0.4903966752372241,11
일반·지방행정,국무조정실 및 국무총리비서실,정부출연연구기관 지원(R&D),한국농촌경제연구원,0.1426509139931226,0.13709761795393693,0.10668840645653278,0.12735634535995846,0.12566828304547106,0.10312955612700914,0.0644952004225854,0.05555099175605844,0.05770297185166255,0.04508064365200295,0.027599490983701413,0.006979578397958289,0,1,0.3864369384035923,0.25740887706396903,0.006979578397958289,0.050212506349146264,0.014262032810197745,-1.4343944745125972,0.04298230876039173,11
일반·지방행정,국무조정실 및 국무총리비서실,정부출연연구기관 지원(R&D),한국법제연구원,0.14756229826047831,0.13739932752035616,0.10432302767600299,0.12190428254362674,0.11375912193244599,0.10125785130819764,0.05964234400365316,0.05241782335704954,0.05067770817633805,0.04530250965001128,0.03976287638356159,0.02599082918827853,0,1,0.3892846534568375,0.27379409075889216,0.02599082918827853,0.04680179637367632,0.011827831221306755,-1.258949559522913,0.6527798035320321,11
일반·지방행정,국무조정실 및 국무총리비서실,정부출연연구기관 지원(R&D),한국보건사회연구원,0.14383223387751734,0.13369953209318866,0.10001713555768124,0.1248686218852542,0.11532489910620307,0.09621617839447026,0.06472069823479588,0.05702339841186623,0.0501524742104257,0.044045984044670534,0.03668794838677009,0.03341089579715674,0,1,0.37754890152838727,0.28604139908568516,0.03341089579715674,0.045476980604135485,0.011793356917591369,-1.2857170888733662,0.8337596578110984,11
일반·지방행정,국무조정실 및 국무총리비서실,정부출연연구기관 지원(R&D),한국여성정책연구원,0.14636598667781284,0.13771095291994348,0.10528657067558805,0.12332059232002864,0.11494325758295611,0.10064888617038217,0.06254615933029768,0.053676126358884586,0.050357019115530456,0.03851526368592681,0.03574648214319014,0.03088270301945899,0,1,0.38936351027334437,0.27172375365328866,0.03088270301945899,0.0483824204893322,0.013140173347890782,-1.2770812512056358,0.9642679900744417,11
일반·지방행정,국무조정실 및 국무총리비서실,정부출연연구기관 지원(R&D),한국조세재정연구원,0.14589719902251178,0.13546573332704048,0.1042658337031288,0.1275018027743615,0.1195485676541824,0.09997454177273374,0.06345593819411727,0.053788439011101426,0.05303428395937388,0.04292226882420375,0.03624344646387162,0.017901945293373352,0,1,0.38562876605268104,0.2673463217460413,0.017901945293373352,0.048429310687014976,0.012106628174672772,-1.3414417960896237,0.2091804343399893,11
일반·지방행정,국무조정실 및 국무총리비서실,정부출연연구기관 지원(R&D),한국직업능력개발원,0.14291301060752618,0.13703148185924763,0.1132100194374266,0.11771555114177852,0.11581881386679452,0.10123297948497978,0.06414303098642607,0.05768750205976209,0.052830100235625954,0.04377428307634433,0.0337560606666883,0.01988716657740002,0,1,0.39315451190420037,0.27207814360224675,0.01988716657740002,0.04757117190472652,0.01506482208056384,-1.3367500189550656,0.4592016765386098,7
일반·지방행정,국무조정실 및 국무총리비서실,정부출연연구기관 지원(R&D),한국청소년정책연구원,0.1363373072684898,0.1345024730701828,0.10474044545462548,0.12380470026015242,0.11817390055140127,0.1038438398800403,0.05942178962229156,0.05190800584697108,0.04370120063479683,0.04896484138857842,0.04644064500964638,0.028160851012823652,0,1,0.3755802257932981,0.27859733351510796,0.028160851012823652,0.046653478238610345,0.006982548010150699,-1.2900665085511693,0.6779300851600634,11
일반·지방행정,국무조정실 및 국무총리비서실,정부출연연구기관 지원(R&D),한국해양수산개발원,0.15543906847120412,0.14501551140306848,0.11686388818812952,0.11536284469149072,0.10676395210757116,0.09247772490414746,0.06208107427155976,0.054381069405734214,0.05298326659904491,0.04737697717016254,0.03284828320924538,0.018406339578641757,0,1,0.41731846806240214,0.26807701023438857,0.018406339578641757,0.04809368807858146,0.019452046396716417,-1.2069741238133163,0.405183347118831,11
일반·지방행정,국무조정실 및 국무총리비서실,정부출연연구기관 지원(R&D),한국행정연구원,0.13869441801539706,0.13297666667395183,0.10395661625969002,0.12198728094084524,0.12055230059471488,0.10577406174407548,0.0612598968439684,0.053559358766366284,0.050069477470841776,0.05234531565175261,0.042197390861557695,0.016627216176838724,0,1,0.37562770094903886,0.2760586557713255,0.016627216176838724,0.04573116799361321,0.008777803705926407,-1.362376330066142,0.38221863382027116,11
일반·지방행정,국무조정실 및 국무총리비서실,정부출연연구기관 지원(R&D),한국형사정책연구원,0.1456070787787956,0.13979895219760302,0.11529643499536169,0.11820368434867949,0.11813096973077528,0.10470296513419745,0.06514977024171706,0.05869263378284909,0.054087802842627666,0.044490317467661425,0.02654837103612679,0.009291019443605417,0,1,0.4007024659717603,0.25825991481458743,0.009291019443605417,0.04983448873739707,0.017621566256348555,-1.3930047487516366,0.22628183361629883,7
일반·지방행정,국무조정실 및 국무총리비서실,정부출연연구기관 지원(R&D),한국환경정책평가연구원,0.15616357863674035,0.15009356506297747,0.12555365376982536,0.11042210994003805,0.11007302011440669,0.09660388700007316,0.06583465717614605,0.05890514811412201,0.05428987113557361,0.04460877090191308,0.020649785503538354,0.006801952644645805,0,1,0.43181079746954315,0.25109018547593887,0.006801952644645805,0.05112595159375486,0.025033751735685356,-1.2986697057116716,0.0,7
일반·지방행정,금융위원회,금융행정효율화,금융행정지원,0.14069178207513935,0.10273601409443196,0.08429966726963994,0.04640278421705012,0.07429656326892962,0.05108224484608845,0.0736559408727872,0.030071935809748665,0.1259871534825388,0.03684243772441983,0.06399103205518436,0.16994244428404165,0,12,0.3277274634392113,0.5004909442287204,0.16994244428404165,0.035145369396728736,0.02241118272035264,0.1943006216992403,3.6435720001495544,11
일반·지방행정,기획재정부,재정관리,재정사업 타당성조사,0.0021217941346004412,0.2505825121467368,0.31192426678161306,0.0019768495810797543,0.09965661969176492,0.0366224494776792,0.03937823908366191,0.07042156638792639,0.03968481235647981,0.05978890856222044,0.03873916298507599,0.049102818811161346,1,3,0.5646285730629503,0.2971155081865259,0.049102818811161346,0.06546382175821673,0.06555127731396598,-0.928672277646716,2.38992190285484,11
일반·지방행정,기획재정부,재정관리,재정사업평가,0.09142509439413236,0.10308550007045257,0.13880120005819185,0.11182106222897499,0.12053665495488404,0.031784103113737534,0.04528502406431633,0.00200016345784146,0.01189671206374609,0.03154711791063836,0.02864557648191736,0.2831717912011671,0,12,0.3333117945227768,0.4025463851796267,0.2831717912011671,0.06951348519390574,0.031363767559544724,-0.4854300980304339,24.074192218771632,11
일반·지방행정,기획재정부,재정기획,디지털예산회계시스템 운영,0.21129926359801693,0.040080682682139525,0.0878323090093201,0.2475591305459756,0.009908406658601493,0.0556438858702468,0.09375341158911013,0.007611146226280542,0.02817036573578883,0.10555011422055324,0.022564717597534683,0.09002656626643216,0,4,0.33921225528947657,0.3476763216356996,0.09002656626643216,0.04649125971142201,0.004751094543664058,-0.7096836880014016,4.900231381987719,10
일반·지방행정,행정안전부,전자정부,국제사회전자정부선도국가위상강화(정보화),0.03169213957785399,0.20989917050435805,0.13654848169891184,0.32268160033705,0.035274366289226665,0.010066813477847736,0.09832815121611808,0.0,0.01665342546923856,0.09826292133938291,0.0014028725599164688,0.03919005753009561,1,4,0.3781397917811239,0.25383742811475163,0.03919005753009561,0.08067522978070385,0.05852315512140247,-1.1822599671614555,304.06656327543425,6
일반·지방행정,행정안전부,전자정부,전자정부성과평가강화(정보화),0.004739111946769913,0.3050843729101113,0.2088567742410911,0.16811717751237262,0.0618575706292931,0.06703795694162536,0.1271752269773667,0.0,0.0020517161690673537,0.05484988065277747,0.00023021201952500375,0.0,1,2,0.5186802590979723,0.1843070358187365,0.0,0.0923821655492829,0.0562659910636831,-1.2849251052113437,0.0,6
일반·지방행정,행정안전부,전자정부,전자정부실행기반마련(정보화),0.014760934890822596,0.21734368093420658,0.13097445727758963,0.11036522252160268,0.11084392379172708,0.12070411608855697,0.0684561677487582,0.040082455950898835,0.04015950072405832,0.04471274453541968,0.040219096763619414,0.06137769877274001,0,2,0.3630790731026188,0.2950076644954945,0.06137769877274001,0.05483435445661681,0.013946759687640456,-1.3919314148079804,1.6266373262740481,8
일반·지방행정,행정안전부,전자정부,정보자원관리기반확충(정보화),0.002646904719350753,0.30172072423488683,0.1977195881918598,0.18850143445037873,0.0005020955636501689,0.06160456456492301,0.09169874260542099,0.01154105033262945,0.028776436965244352,0.0679916221440537,0.03389543324985198,0.013401402977750184,1,2,0.5020872171460974,0.24730468827495067,0.013401402977750184,0.07725541802756607,0.06424736343272996,-1.0721604338528354,0.121655743509048,8
일반·지방행정,행정안전부,지방재정경제,과표양성화를위한시가표준액조사,0.0104976554943418,0.14199886345343557,0.23940690797561645,0.19344235702272083,0.2332628411095286,0.0024280837729442994,0.0009789809404871382,0.0010940619731340316,0.003339328633370469,0.0020023140772535146,0.04061172177977348,0.13093688376739382,1,3,0.39190342692339386,0.17896329117141246,0.13093688376739382,0.10456972014351108,0.050768968249576836,-1.1355409083047654,0.4555110264327793,7
통신,과학기술정보통신부,SW산업진흥,SW산업경쟁력강화(일반),0.06690904134097807,0.1450612993575631,0.2137958932279763,0.19149465021901754,0.04845963096676681,0.01444338250951593,0.1837466314376933,0.022235520247221665,0.025072062005359153,0.04196359638601031,0.03569822914698121,0.011120063154916619,1,3,0.42576623392651747,0.3198361023781823,0.011120063154916619,0.06570441746021764,0.043525871743509886,-1.3803246097767539,0.0,7
통신,과학기술정보통신부,과학기술정보통신부운영지원,방송통신재난관리,0.005966464570313302,0.302447098578509,0.043214527990605774,0.17292308627504,0.002527772753418392,0.1465848846771684,0.08496343397076761,0.03653030939252977,0.008199902186482708,0.042688192679924526,0.029353795069912866,0.12460053185532761,0,2,0.35162809113942806,0.32633616515494507,0.12460053185532761,0.054196875339000444,0.026337209199982878,-1.0451210786435208,4.039888838801905,8
통신,과학기술정보통신부,우정서비스,우정사업연구,0.0016044290559672964,0.004425484510373548,0.3211252867901838,0.2102470347853219,0.14735673567643398,0.021523419457229218,0.033904007975333765,0.030535975807656955,0.04210711923581034,0.023689278269163956,0.033849209532740614,0.12963201890378467,1,3,0.3271552003565247,0.29371760972449035,0.12963201890378467,0.07919552050810225,0.06364475832238549,-1.3122977226317447,6.122936827956989,7
통신,과학기술정보통신부,인터넷융합산업,스마트화산업기반확충(일반),0.11193781900408317,0.26400988488514426,0.1918618313002413,0.13271328174932528,0.058320012994633554,0.04127492434193514,0.08230038402976396,0.027443099569876745,0.009176431746630886,0.05720162790704871,0.01279766917481527,0.010963033296501685,1,2,0.5678095351894688,0.19988224572463725,0.010963033296501685,0.08198103115396772,0.05369747931161185,-0.9730088316357799,0.6937764443490297,7
통신,과학기술정보통신부,전파활용방송서비스산업,전파방송산업 활성화(일반),0.21140577558006698,0.07424532451387178,0.0543109977173414,0.26921453205725016,0.08568570471511222,0.07398930269914204,0.05858864302213116,0.040187333674618096,0.03582655814943252,0.05273303574201469,0.018606562632492378,0.02520622949652661,0,4,0.3399620978112802,0.23114836271721548,0.02520622949652661,0.05860119781752821,0.007060722970063328,-1.2352846802983435,0.44880922379032256,6
통신,과학기술정보통신부,정보보호및활용,정보보안대응체계구축,0.031598417412565846,0.14433865463856163,0.1337468062633346,0.127574287021844,0.12032127846003461,0.10174223323973867,0.06551783981558415,0.04368083608536189,0.05292996952234075,0.10179286049168691,0.04193536078145333,0.03482145626749355,0,2,0.3096838783144621,0.3406783229639206,0.03482145626749355,0.041244819971444115,0.026445300014936834,-1.5848867555990447,0.6095793109767408,7
통신,과학기술정보통신부,정보보호및활용,정보보호산업기반확충,0.0,0.23063844390510804,0.11041094681303298,0.19787116156205317,0.02517737481107937,0.08335258896572292,0.06333976112076796,0.05184919397376544,0.09317652020714792,0.09190068310180766,0.03566096663914913,0.01662235890036543,0,2,0.341049390718141,0.35254948394300356,0.01662235890036543,0.03989174104546419,0.054613231442458644,-1.370738294766162,0.7386399645097914,7
통신,과학기술정보통신부,정보통신융합산업,ICT산업기반확충,0.0,0.20968431322807315,0.32232436288928656,0.11202931310034873,0.08176625384399787,0.04246661263051398,0.041952947298546976,0.05487081755206641,0.022913069258430358,0.04168236890017552,0.03771335653015231,0.03259658476840808,1,3,0.5320086761173597,0.23172914430777966,0.03259658476840808,0.08287384528158655,0.06660571802689563,-1.132006238691734,0.35739508303754575,6
통신,과학기술정보통신부,정보통신융합산업,ICT산업기반확충(일반),0.022574773020178983,0.16354283620575735,0.21772855392619697,0.12069600494854596,0.08602254709131449,0.043782725857767386,0.09394310205636724,0.02671984230655577,0.05059639475675142,0.06943259059905639,0.02896308352865386,0.0759975457028542,1,3,0.4038461631521333,0.3456525589502389,0.0759975457028542,0.054148568328156475,0.03716553845737044,-1.1589352415202459,1.8512166463963688,7
통신,과학기술정보통신부,정보통신융합산업,콘텐츠디바이스기술개발(일반),0.12480656563233955,0.17307432824223024,0.13007798729436676,0.15266431584958892,0.12635766385238664,0.04921173948147583,0.15310977327083838,0.054704725517576235,0.010085150267060241,0.016995638778119486,0.006165742154040878,0.0027463696599768065,1,2,0.42795888116893654,0.24380739964761203,0.0027463696599768065,0.07123935987108264,0.0323773377007014,-1.4914776237862524,0.16773760117893097,6
통신,방송통신위원회,공정하고 안전한 방송통신 환경조성,공정하고 안전한 방송통신 기반구축,0.0074936057080667836,0.21651425814058653,0.15847207747966052,0.14031623807565488,0.1679629439091002,0.06231876955721897,0.0795539580660229,0.03593354777867147,0.02635999301064347,0.0765090485717357,0.02607381330656804,0.0024917463960705453,1,2,0.38247994132831387,0.24692210712971216,0.0024917463960705453,0.07036798532157156,0.037142943676345457,-1.5053152276341613,0.05033769536635645,6
통일·외교,외교부,국제개발협력,글로벌 프로그램,0.1383178147347386,0.12049557397155819,0.13059912618627828,0.11013083156778421,0.12115182558827817,0.13632057189177083,0.05956456624445372,0.04775661601034661,0.04042074769286985,0.04190771485566371,0.02826962877920024,0.025064982477057678,0,1,0.38941251489257506,0.24298425605959184,0.025064982477057678,0.053630688379440516,0.009357252363939141,-1.4334879269125447,0.7610094788293128,10
통일·외교,외교부,국제개발협력,아시아 및 태평양지역 국가원조,0.1251289319369627,0.11324238777471574,0.14535023201851083,0.12515891092090553,0.10238395571073056,0.13456570706884474,0.05767091988480687,0.05020023632896613,0.043215982925910126,0.05123799382329606,0.031716566641826115,0.020128174964524567,0,3,0.3837215517301893,0.2541698745693299,0.020128174964524567,0.05244962316551834,0.009150243183997502,-1.4475675748344052,0.27675591452956766,10
통일·외교,외교부,국제개발협력,아프리카지역 국가원조,0.12257401225529521,0.1153201932984895,0.13805289586296796,0.11946951038314121,0.10886257751674003,0.14656443039254577,0.056861284452636295,0.0496983921310859,0.029611138812076783,0.05394533721834267,0.034597450108277514,0.024442777568401176,0,6,0.3759471014167527,0.24915638029082038,0.024442777568401176,0.05323759089804769,0.004048455260388217,-1.4645602046239472,0.7247647652433938,10
통일·외교,외교부,국제개발협력,전략적협력강화,0.031471004918988146,0.05262686251908696,0.1589980587949625,0.029845490565640145,0.12960130463476363,0.03607911509645948,0.07989766652986385,0.08772456702767552,0.02651757872449546,0.059433332930301064,0.121078346496591,0.18672667176117227,0,12,0.2430959262330376,0.5613781634700992,0.18672667176117227,0.018936956564727745,0.021442163193287317,0.0030620371350639913,0.08847833743294435,7
통일·외교,외교부,국제개발협력,중남미지역 국가원조,0.12408983283954307,0.10455652596090428,0.14035013438194127,0.12448750474914623,0.10170044106178122,0.1344933566063579,0.06822364378139376,0.053624448938013033,0.03496349619953361,0.04061036622501919,0.0439518185092819,0.028948430747084537,0,3,0.36899649318238864,0.27032220440032606,0.028948430747084537,0.05085314645293848,0.005786033654816308,-1.4644436111170847,0.7649999089844689,10
통일·외교,외교부,국제개발협력,중동CIS지역 국가원조,0.12934878065395017,0.11803958440025046,0.12159346617199855,0.1245961661831457,0.11398628444509509,0.12663325953606658,0.06703558054921331,0.05169944810628302,0.04482379393194206,0.0444717657536423,0.030659500079494473,0.027112370188918287,0,1,0.3689818312261992,0.2658024586094934,0.027112370188918287,0.050536689445181665,0.007806185618308945,-1.4707042937097872,0.038127058179975165,10
통일·외교,외교부,국제개발협력,협력사업 지원,0.15165813849454593,0.08320853374857211,0.15425608316900985,0.13399497705851093,0.11265795661298908,0.13505630950605657,0.05327881466013172,0.04757169722407202,0.037224484561306184,0.04943533333012513,0.02756922308258621,0.014088448552094263,0,3,0.3891227554121279,0.2291680014103155,0.014088448552094263,0.05671934354717392,0.004803019289055237,-1.4516488786708126,0.26050961069175815,10
통일·외교,외교부,재외동포보호 및 지원,재외동포재단,0.029217846091287292,0.12391647691599796,0.1823387991194918,0.29019962711152925,0.1076822037399906,0.029681462243150002,0.06030393294234613,0.0256441122717767,0.056798581270031116,0.02565425623379844,0.0545197686447119,0.01404293341588878,1,4,0.33547312212677705,0.23696358477855306,0.01404293341588878,0.08039883223083152,0.0610535632537312,-1.4111914603157587,0.6069053962712163,6
통일·외교,외교부,지역외교,아중동지역국가와의 교류협력강화,0.17015105688873863,0.04588958857814204,0.1800345520750989,0.06560581653152017,0.021114620384191114,0.1210601748872391,0.05267492109578076,0.034620075521247094,0.05714184709750484,0.08514458837595666,0.05435057850411887,0.11221218006046174,0,3,0.3960751975419796,0.39614419065507,0.11221218006046174,0.034843728165439625,0.01217632805483504,-0.33212331083958807,4.642766981407341,6
통일·외교,통일부,북한이탈주민 정착지원,북한이탈주민 정착 행정지원,0.12542800596264675,0.10041597047034376,0.10100545086831277,0.07921291721602944,0.09198068285413127,0.07885367448682876,0.12069213621767112,0.05667360340988874,0.05327046825531834,0.05727745000190171,0.04484599660713619,0.09034364364979118,0,1,0.3268494273013033,0.4231032981417073,0.09034364364979118,0.02188875321678027,0.021217665618938297,-1.156489530731012,1.4734632369829268,10
환경,환경부,자연생태 보전,자연자원의 이용,0.41088722189719845,0.25055795840101186,0.0899802151860587,0.054960594206081285,0.08855872099599112,0.02156950789605706,0.01678322511434968,0.007946295314729209,0.019650328566583178,0.01039479477650587,0.008413215494259196,0.020297922151174343,1,1,0.751425395484269,0.08348578141760148,0.020297922151174343,0.11129920578944236,0.0758061595188264,-0.46059587329737933,2.751937961288348,6
환경,환경부,친환경경제사회 활성화,환경기술 개발·보급,0.36004447242092413,0.2554526833095484,0.09545257562020465,0.16968308155325076,0.019171130393889606,0.017938821071025138,0.016079264664314214,0.029730875430212994,0.013693030799889037,0.010968368481463958,0.0029427578379282865,0.00884293841734887,1,1,0.7109497313506772,0.08225723563115736,0.00884293841734887,0.11165203941154171,0.06895837724453771,-0.5690738052776847,2.983839462257215,6
