institution,dataset_group,n_datasets
통계청,1인당하루스팸수신량내역,1
한국은행,2015기준소비자물가지수내역,1
기획재정부,2025년 이전 순자산변동표,1
통계청,24개암종암발생시기성별5년상대생존율내역,1
통계청,ICT수입액현황,1
통계청,OECD국가지니계수내역,1
통계청,OECD주요국의삶의만족도내역,1
국고보조금통합관리시스템,e나라도움분야부문별보조사업자현황수신내역,1
국고보조금통합관리시스템,e나라도움중앙부처별보조금예산현황내역,1
통계청,가구주의성연령별추계가구내역,1
통계청,가구특성별비목별소비지출내역,1
e-나라지표,각군현역병모집입영현황내역,1
통계청,개발제한구역현황,1
통계청,건축물현황내역,1
e-나라지표,건축허가면적내역,1
한국은행,건축허가현황내역,1
e-나라지표,경찰인력현황,1
통계청,고용보험지출내역,1
e-나라지표,공사계약실적,1
공연예술통합전산망,공연예매수및매출금액내역,1
e-나라지표,관세환급실적내역,1
e-나라지표,국가신용등급내역,1
e-나라지표,국제회의개최건수및순위내역,1
e-나라지표,기관신뢰도,1
네이버,네이버검색용어동향내역,1
e-나라지표,노후준비방법18세이상인구내역,1
e-나라지표,노후준비방법가구주주된응답2013년이전내역,1
e-나라지표,노후준비방법가구주주된응답2015년이후내역,1
통계청,댐저수현황내역,1
통계청,등록장애인수내역,1
e-나라지표,마약사범밀수사범단속현황내역,1
e-나라지표,무대전문인력배출추이내역,1
통계청,문화재보수정비내역,1
통계청,미세먼지인식도현황,1
e-나라지표,보건복지부일반회계예산내역,1
e-나라지표,부가가치세신고현황내역,1
e-나라지표,부담금규모내역,1
e-나라지표,분류심사상담조사대안교육실시인원현황,1
통계청,비만율내역,1
통계청,사회단체참여율내역,1
한국은행,산업별사업체수및종사자수내역,1
통계청,산업소분류별총괄현황,1
통계청,산업중분류별자본금규모별연구개발기업체수연구개발비현황,1
통계청,상권별소규모상가수익률내역,1
brightics,성연령및교육정도별인구내역,1
통계청,성연령별경제활동인구내역,1
통계청,성활동상태별비경제활동인구내역,1
통계청,세대당건강보험료부담액내역,1
기획재정부,세부사업 예산편성현황(총지출),1
통계청,소규모상가공실률내역,1
통계청,소득5분위별가구당가계수지_전국1인이상실질내역,1
e-나라지표,소재부품산업동향내역,1
brightics,순이동인구내역,1
통계청,시군군농가인구내역,1
통계청,시도강수량내역,1
통계청,시도경제활동참가율내역,1
통계청,시도산업별광공업생산지수현황,1
통계청,시도예금은행대출금액내역,1
통계청,신주택보급률내역,1
통계청,신체활동실천율내역,1
e-나라지표,양자ODA지원분야별배분내역,1
e-나라지표,어린이보호구역지정현황내역,1
e-나라지표,어음부도율,1
통계청,여가활용만족도현황,1
통계청,연도별전국청소년상담내용현황내역,1
통계청,연령별경제활동인구내역,1
통계청,예금은행예금액내역,1
e-나라지표,외국법인법인세신고현황,1
통계청,운수업종사자수현황,1
한국재정정보원,유동인구 성연령 데이터,1
통계청,유치원교원수현황,1
통계청,의료기관수술인원내역,1
통계청,인구천명당의료기관종사의사수내역,1
통계청,인구천명당주택수내역,1
통계청,일반가구행정구역별점유형태내역,1
통계청,일반적범죄두려움현황,1
통계청,일반회계중사회복지예산비중내역,1
e-나라지표,장애아전문시설및통합시설내역,1
통계청,재별및상품군별판매액지수현황,1
통계청,재정자주도내역,1
한국도로공사,전국고속도로교통량내역,1
통계청,정부부채현황,1
e-나라지표,조세부담률내역,1
e-나라지표,조정신청건수및조정성립률내역,1
brightics,종사상지위별계절조정취업자내역,1
e-나라지표,중앙지방간인사교류내역,1
e-나라지표,증여세결정현황,1
지방교육재정알리미,지방교육재정세입예산내역,1
지방교육재정알리미,지방교육재정세출예산내역,1
지방교육재정알리미,지방교육재정통합재정수지내역,1
통계청,지역별구직급여신청내역,1
통계청,지역별기업규모별수출내역,1
통계청,지역별신설법인수내역,1
공공데이터 포탈,지역별주택가격지수내역,1
통계청,지역안전등급현황,1
통계청,지출목적별소비자물가지수현황,1
통계청,직장보육시설의무설치사업체의보육시설설치비율내역,1
통계청,철도공사경영현황내역,1
e-나라지표,청소년유해매체경험율내역,1
통계청,총인구중아동인구구성비내역,1
e-나라지표,최근1년간가출경험률내역,1
e-나라지표,추경규모내역,1
e-나라지표,토양오염도현황,1
e-나라지표,통신서비스시장매출액내역,1
e-나라지표,특허등심사청구처리기간현황내역,1
통계청,평균시간내역,1
통계청,평균재혼연령내역,1
통계청,폐기물발생현황_건설폐기물,1
통계청,폐기물발생현황_생활폐기물,1
통계청,학교급및시도별학생1인당월평균사교육비,1
통계청,학생체격체력검사내역,1
기획재정부,2025년 이전 소관별 순자산변동표,1
기획재정부,2025년 이전 재정상태표,1
통계청,9도농업소득내역,1
통계청,GDP대비경상의료비추이내역,1
e-나라지표,GDP대비공교육비비율내역,1
통계청,ICT내수액현황,1
OECD,OECD공공사회복지지출내역,1
OECD,OECD소비자신뢰지수내역,1
e-나라지표,개인사업자법인세무조사내역,1
한국은행,계정조정지출항목별성장기여도내역,1
e-나라지표,고등교육시설현황내역,1
e-나라지표,고용허가제고용동향외국인근로자수내역,1
e-나라지표,공공기관당기순이익내역,1
e-나라지표,공무원노동조합조직현황내역,1
한국은행,관세청국가별수입내역,1
e-나라지표,광고비현황내역,1
e-나라지표,교원노동조합조직내역,1
통계청,국가기업규모별수출액내역,1
e-나라지표,남북한수교현황내역,1
e-나라지표,노년부양비내역,1
e-나라지표,도농교류현황내역,1
통계청,도시지역인구현황내역,1
e-나라지표,디지털정보화수준내역,1
e-나라지표,만성질환유병률건강설문내역,1
brightics,맞벌이상태별가사노동시간내역,1
e-나라지표,모성사망추이내역,1
통계청,문화예술및스포츠관람현황,1
e-나라지표,민사및형사법률구조현황,1
e-나라지표,배출원별PM2쩜5배출량내역,1
e-나라지표,범죄유형별형사사건처리현황내역,1
e-나라지표,법정감염병발생내역,1
통계청,보건및사회복지사업종사자비율내역,1
통계청,보훈대상자취학자내역,1
통계청,보훈행정수혜대상내역,1
e-나라지표,부가가치세면세사업자현황내역,1
통계청,부문별임금결정률내역,1
e-나라지표,비영리민간단체등록,1
통계청,산업별기업수현황,1
한국은행,생산자물가지수내역,1
기획재정부,세출 세부사업 예산편성현황(추경포함),1
e-나라지표,소년사범형사사건처리현황내역,1
통계청,소년천명당소년범죄발생건수현황,1
e-나라지표,소비자심리지수내역,1
e-나라지표,소비자피해구제접수현황내역,1
통계청,소유자별국토면적현황,1
한국은행,수입물량지수내역,1
한국은행,수출기업전국실적내역,1
e-나라지표,스마트폰과의존현황,1
e-나라지표,시가총액대비펀드편입주식채권비중내역,1
통계청,시군구경제활동인구총괄내역,1
통계청,시군구별재정자립도내역,1
통계청,시도1인당GRDP내역,1
e-나라지표,신분별사건처리현황내역,1
e-나라지표,신협순자본비율내역,1
한국고용정보원,실업급여지급액내역,1
e-나라지표,아동인구지역별내역,1
e-나라지표,어업생산액및GDP대비부가가치비중,1
e-나라지표,여가시간충분도현황,1
e-나라지표,여성취업자의경력단절경험유무내역,1
e-나라지표,연기금투자풀수탁규모내역,1
e-나라지표,연도별자치단체기금현황내역,1
통계청,연도별전국청소년상담대상현황내역,1
통계청,연령별경제활동상태내역,1
통계청,연령별추계인구내역,1
e-나라지표,외국인소득세신고현황,1
e-나라지표,외국인직접투자동향,1
e-나라지표,우리나라조약발효현황,1
통계청,월별주택착공실적내역,1
한국재정정보원,유동인구 거주지 데이터,1
통계청,유형별매매가격대비전세가격비율내역,1
한국은행,유형별주택매매가격지수내역,1
통계청,인구십만명당사회복지시설수내역,1
통계청,인체조직생산수입내역,1
e-나라지표,자가점유비율내역,1
e-나라지표,자생생물종현황내역,1
통계청,자전거도로현황,1
통계청,전국산업별성별규모별사업체수및종사자수내역,1
e-나라지표,제조업노동생산성추이내역,1
통계청,제조업생산증감률현황,1
통계청,주관적건강수준인지율내역,1
통계청,주야별교통사고현황,1
통계청,주택월세통합가격지수내역,1
통계청,중앙정부재정현황,1
e-나라지표,중앙행정기관장애인공무원고용률,1
e-나라지표,증권회사영업용순자본비율내역,1
지방교육재정알리미,지방교육재정민간투자사업BTL내역,1
지방교육재정알리미,지방교육재정회계년도세입예산내역,1
e-나라지표,지방자치단체채무,1
지방재정365,지방재정성질별단체별세출결산내역,1
지방재정365,지방재정재정자주도결산내역,1
지방재정365,지방재정지자체부채비율내역,1
통계청,지역별퇴사인력구인및채용인력내역,1
e-나라지표,철도사고내역,1
통계청,체납액정리실적내역,1
e-나라지표,총이혼건수및조이혼율내역,1
통계청,출생아수내역,1
통계청,취업자실업자실업률및청년실업률내역,1
e-나라지표,특허등심판청구처리현황내역,1
e-나라지표,특허등이의신청건수내역,1
e-나라지표,학대피해아동보호건수내역,1
e-나라지표,학력별임금격차내역,1
통계청,학생의학교생활만족도현황,1
통계청,행정구역산업별규모별임금및근로시간내역,1
e-나라지표,화학물질배출량현황,1
e-나라지표,환경오염방지투자현황내역,1
기획재정부,회계별 세입세출 결산 현황,1
e-나라지표,훈련유형별대상,1
통계청,1개월이내인터넷이용률내역,1
e-나라지표,주요방송사업자시청점유율현황,1
e-나라지표,1인당우편이용물량내역,1
통계청,2015기준시도생활물가지수내역,1
기획재정부,2025년 이전 소관별 재정운영표,1
통계청,OECD국가별고용지표내역,1
국고보조금통합관리시스템,e나라도움보조사업현황내역,1
통계청,가구형태별가구및가구원내역,1
통계청,건강보험보장률내역,1
통계청,결핵신고신환자수내역,1
e-나라지표,경지면적추이내역,1
e-나라지표,고발사건접수처리추이현황,1
e-나라지표,관세부정무역사범단속실적내역,1
e-나라지표,광역상수도공업용수도내역,1
e-나라지표,구급활동현황내역,1
통계청,국가별성별실업률내역,1
e-나라지표,국민생활체육조사내역,1
e-나라지표,국방예산결산현황내역,1
통계청,국외문화재환수내역,1
기획재정부,국유재산 증감 및 현재액 총괄,1
brightics,규칙적운동실천율내역,1
통계청,근로여건만족도내역,1
brightics,근로형태별사회보험가입자비율및증감내역,1
e-나라지표,기초생활보장수급내역,1
통계청,1인당개인소득내역,1
e-나라지표,남북협력기금집행현황,1
e-나라지표,노인의우울증상내역,1
e-나라지표,농어업인복지지원현황내역,1
통계청,농업가구소득내역,1
통계청,농촌지역생활인프라보급률내역,1
e-나라지표,만성질환유병률내역,1
통계청,모의연령별출생아수내역,1
통계청,미세먼지(PM2.5)월별도시별대기오염도현황,1
통계청,산업대분류별일자리형태별일자리내역,1
통계청,산업소분류별종사자규모별정기휴무일수별사업체수연간영업개월수현황,1
통계청,산업재산등록내역,1
통계청,상대적빈곤율내역,1
통계청,생활여건의변화내역,1
통계청,성별경제활동인구총괄내역,1
통계청,소상공인업종실적및전망현황,1
통계청,소요시간별이용교통수단별통근통학인구내역,1
통계청,수요자별기계수주현황,1
한국은행,수출금액지수내역,1
통계청,시군구별인구동태내역,1
통계청,시군구별지역내총생산내역,1
통계청,시군구성별인구수내역,1
통계청,시군상용직비중내역,1
통계청,시도별성별경제활동인구내역,1
통계청,시도상용직비중내역,1
통계청,시도어음부도율내역,1
e-나라지표,시민의식,1
CPB,신흥국수출물량지수내역,1
통계청,업종연령별창업기업수내역,1
e-나라지표,연도별기술이전율,1
통계청,연령별완전생명표내역,1
e-나라지표,운전면허소지자현황내역,1
e-나라지표,위생용품생산수입수출실적내역,1
e-나라지표,유엔분담금규모및기여현황내역,1
e-나라지표,유형별 재고주택현황내역,1
통계청,유형별월세가격지수내역,1
e-나라지표,육상폐기물해양투기량추이내역,1
e-나라지표,은행대손충당금적립률내역,1
통계청,인구천명당병상수추이내역,1
통계청,인구천명당외국인수내역,1
통계청,임대주택건설실적내역,1
e-나라지표,저축은행BIS자기자본비율내역,1
통계청,전산업생산지수현황,1
통계청,전입인구내역,1
통계청,전체재해현황및분석내역,1
통계청,제조업재고율,1
e-나라지표,환경사범형사사건처리현황내역,1
통계청,주택유형별전세가격지수내역,1
통계청,주택유형별주택매매거래현황,1
e-나라지표,주택전세가격동향내역,1
지방교육재정알리미,지방교육재정재정자주도당초내역,1
e-나라지표,지방자치단체재정자립도현황,1
지방재정365,지방재정재정자립도최종내역,1
지방재정365,지방재정지역통합부채결산내역,1
통계청,지역별향후1년이내채용예상인력내역,1
e-나라지표,지주회사현황내역,1
통계청,직종학력연령계층성별임금및근로조건내역,1
e-나라지표,집회시위현장경찰부상자발생내역,1
기획재정부,채권현재액명세서,1
e-나라지표,청소년상담사양성현황내역,1
기획재정부,총사업비현황,1
e-나라지표,축분뇨발생량및처리현황내역,1
통계청,통합재정수지[건전성],1
통계청,특수학교및특수학급장애인편의시설내역,1
e-나라지표,한부모가구비율내역,1
통계청,한시적근로자규모및증감내역,1
통계청,현재대기체감환경현황,1
통계청,현재토양체감환경현황,1
e-나라지표,기후평년값내역,1
통계청,1인당도시지역면적현황,1
e-나라지표,입양아동비율내역,1
한국은행,2008이후소비자동향조사월별내역,1
통계청,OECD교사1인당학생수및여교사비율현황,1
통계청,OECD국가별청년실업률내역,1
통계청,OECD실업률내역,1
OECD,OECD일반정부수입내역,1
한국과학기술기획평가원,RND분야투자계획내역,1
국고보조금통합관리시스템,e나라도움내역사업현황내역,1
통계청,가구당월평균가계지출내역,1
통계청,경제활동별지역내총생산내역,1
통계청,계절조정경제활동인구내역,1
통계청,고용센터구인구직및취업현황내역,1
통계청,공동주택통합매매실거래가격지수내역,1
통계청,공종별건설기성액불변계절조정현황,1
e-나라지표,교원1인당학생수,1
통계청,교통사고건수,1
e-나라지표,국가배상사건수내역,1
통계청,국가별수출검사실적현황,1
e-나라지표,국가예산대비지방예산비율내역,1
통계청,국적지역및체류자격별체류외국인현황,1
한국은행,국제상품가격내역,1
통계청,국제유가도입내역,1
통계청,규모별지진발생현황,1
e-나라지표,근로소득세신고납세현황내역,1
통계청,근로자당연평균실제근로시간내역,1
e-나라지표,기술무역현황내역,1
통계청,1인당자동차등록대수현황,1
e-나라지표,노인복지시설현황내역,1
통계청,녹지환경만족도내역,1
e-나라지표,농가및농가인구현황,1
e-나라지표,농업기계보유현황내역,1
e-나라지표,대학부설평생교육원현황,1
통계청,도로이용내역,1
통계청,도소매업재고율현황,1
통계청,독거노인가구비율내역,1
e-나라지표,독서인구현황,1
통계청,동수별연면적별건축허가현황내역,1
e-나라지표,맞벌이가구비율내역,1
e-나라지표,맞벌이부부의근로시간내역,1
e-나라지표,무역구제제도연도별발생현황,1
e-나라지표,방위비분담금현황내역,1
e-나라지표,배출원별NOx배출량내역,1
e-나라지표,배출원별VOCs배출량내역,1
e-나라지표,보험회사재무현황내역,1
e-나라지표,보호소년위탁소년현황,1
e-나라지표,보호조치아동의발생원인내역,1
통계청,보훈대상자진료실적내역,1
통계청,보훈대상자진료인원내역,1
한국은행,분기별경상수지내역,1
e-나라지표,비만유병률내역,1
e-나라지표,산사태피해현황내역,1
한국은행,산업별생산출하재고지수내역,1
통계청,산업연령교육종사지위별취업자내역,1
통계청,성근로형태별임금근로자규모및비중내역,1
통계청,성별연령별종교별인구내역,1
통계청,성연령별국제이동내역,1
CPB,세계무역량지수내역,1
e-나라지표,세대유형별수급세대수내역,1
통계청,세목별납세인원현황내역,1
e-나라지표,수산물수출입동향내역,1
통계청,시군실업률내역,1
e-나라지표,시내이동전화가입자현황내역,1
통계청,시도GRDP내역,1
brightics,시도고용률내역,1
통계청,시도별산업별규모별종사상지위별종사자수내역,1
통계청,시도수도요금내역,1
통계청,시도임업가구내역,1
통계청,시도재별제조업생산지수현황,1
e-나라지표,시장금리추이내역,1
e-나라지표,시정권고이행및조정합의현황내역,1
한국환경공단,에어코리아시도별실시간평균정보내역,1
e-나라지표,연구개발단계별연구개발비,1
e-나라지표,연령별인구내역,1
통계청,연령별임금및근로시간내역,1
한국재정정보원,유동인구 요일 데이터,1
e-나라지표,유해봉환인원현황,1
통계청,인구증가율내역,1
e-나라지표,일반병해충방제현황,1
통계청,임금근로자의사회보험가입률내역,1
e-나라지표,임대주택분양전환실적내역,1
통계청,임차농지비율및임차료율현황,1
통계청,휴일여가시간내역,1
e-나라지표,입양아동수내역,1
e-나라지표,장애인거주시설내역,1
e-나라지표,장애인편의시설설치내역,1
e-나라지표,재외동포현황,1
통계청,제조업생산능력및동률지수현황,1
e-나라지표,조세포탈범칙조사내역,1
한국은행,주가지수내역,1
통계청,주요인구지표성연령별추계내역,1
한국은행,주요통화금융지표내역,1
e-나라지표,중소기업금융지원현황내역,1
e-나라지표,지방교부세종류별현황내역,1
지방교육재정알리미,지방교육재정 부채총괄내역,1
지방재정365,지방재정기능별단체별세출예산내역,1
지방재정365,지방재정예산대비채무비율내역,1
지방재정365,지방재정지역통합세출결산내역,1
한국은행,지역별지가변동률내역,1
e-나라지표,철강산업동향내역,1
e-나라지표,청년고용동향내역,1
e-나라지표,체류외국인현황,1
e-나라지표,취업장애인월평균소득내역,1
통계청,컨테이너화물처리현황,1
e-나라지표,해외직접투자내역,1
e-나라지표,행정서비스이용현황,1
e-나라지표,환경보전국민의식조사결과내역,1
e-나라지표,노사협의회설치내역,1
한국은행,2008이전소비자동향조사분기별내역,1
e-나라지표,자연재난발생현황내역,1
통계청,2015기준농산물및석유류소비자물가지수내역,1
통계청,EQ5D내역,1
서치스,GDP대비일반정부부채비율내역,1
e-나라지표,IEA학업성취도순위내역,1
통계청,OECD고용률내역,1
통계청,OECD국가출산율내역,1
통계청,OECD국내금융현황,1
통계청,OECD국제금융현황,1
통계청,OECD국제수지현황,1
통계청,OECD연령별성별실업률내역,1
한국은행,가계목적별최종소비지출내역,1
통계청,개발행위허가현황내역,1
한국재정정보원,거주자인구 성연령 데이터,1
e-나라지표,건강보험재정현황내역,1
한국은행,경제활동별실질GDP및GNI내역,1
e-나라지표,고등교육이수율현황,1
통계청,고등학교내역,1
e-나라지표,공공기관 청렴도내역,1
통계청,공급원별골재채취현황내역,1
e-나라지표,공무원연금기금운용현황,1
통계청,공종별건설기성액불변현황,1
통계청,공종별계절조정건설기성금액내역,1
e-나라지표,과학기술논문현황,1
통계청,구인배수내역,1
brightics,국가기록물보유내역,1
한국은행,2008이후금융자산부채잔액내역,1
관세청,국가별수출입실적내역,1
e-나라지표,국가소송사건수내역,1
e-나라지표,국가신용등급Moodys,1
e-나라지표,국가신용등급SP,1
통계청,국가유공자평균연령내역,1
한국은행,국내총생산에대한지출내역,1
e-나라지표,국제인구이동내역,1
e-나라지표,농림업생산액및GDP대비부가가치비중,1
e-나라지표,대북지원현황,1
통계청,도시2인이상세대월평균가계수지내역,1
통계청,문화재자료내역,1
FRED,미국실업수당청구건수내역,1
e-나라지표,밀입국출국자단속추이내역,1
통계청,발주자별건설기성액현황,1
한국은행,분기별상품수지내역,1
한국은행,비영리단체의목적별투입및산출내역,1
통계청,뺑소니교통사고율현황,1
통계청,사업장분류별장애인종사자수내역,1
통계청,사업체수현황,1
통계청,사회복지지출규모내역,1
통계청,상권별소규모상가공실률현황,1
통계청,상권별중대형상가수익률현황,1
통계청,생물의약품생산및수입실적내역,1
e-나라지표,생활사업장폐기물발생및처리현황내역,1
통계청,성및거처의종류별1인가구내역,1
e-나라지표,성불평등지수GII현황내역,1
기획재정부,세목 예산편성현황(총액),1
기획재정부,세목예산편성현황(외화),1
기획재정부,세부사업 예산편성현황(총액),1
기획재정부,세입수입 결산 현황,1
e-나라지표,수입식품현황,1
한국은행,수출물량지수내역,1
한국경제연구원,수출전산업BSI전망내역,1
e-나라지표,스포츠산업전문인력현황내역,1
통계청,시군구별고령인구내역,1
통계청,시도국내관광내역,1
통계청,시도특성별독서내역,1
e-나라지표,식중독신고건수및환자수내역,1
통계청,아파트월세통합가격지수내역,1
e-나라지표,에너지수급현황내역,1
e-나라지표,여성전문관리직종사자구성비내역,1
e-나라지표,역대사면실시현황내역,1
e-나라지표,연구개발인력현황내역,1
한국재정정보원,외국인 카드소비 데이터,1
전력거래소,월별평균최대전력수급내역,1
통계청,유료도로현황내역,1
통계청,이민자총소득대비지출부문별구성비내역,1
e-나라지표,인구10만명당의료인수추이내역,1
통계청,인구천명당의료기관병상수내역,1
e-나라지표,일반병해충발생현황,1
한국은행,일별주식시장내역,1
통계청,일자리만족도내역,1
e-나라지표,임산물생산량및생산액현황,1
통계청,임업가구소득내역,1
통계청,화재사망자수현황,1
통계청,장래성및연령별순이동률내역,1
통계청,장애인고용내역,1
통계청,전산업생산지수(원지수),1
한국은행,조세징수액내역,1
통계청,조이혼율내역,1
통계청,주민만명당화재발생건수현황,1
e-나라지표,주요도시대기오염도미세먼지(PM-2.5)현황,1
통계청,주택유형별매매가격지수내역,1
지방교육재정알리미,지방교육재정재정자주도결산내역,1
지방재정365,지방재정자체사업비중내역,1
지방재정365,지방재정재정자립도결산내역,1
지방재정365,지방재정중기지방재정계획내역,1
통계청,지역및연령별등록외국인현황,1
통계청,지역별가동법인수내역,1
e-나라지표,참전유공자내역,1
통계청,청소년지도사양성현황내역,1
통계청,청소년현재흡연율추이내역,1
한국재정정보원,카드소비 데이터 요약 시군구,1
통계청,코스피지수내역,1
통계청,품목별수출액수입액현황,1
e-나라지표,품목시장집중도및산업집중도내역,1
한국은행,한국은행기준금리및여수신금리내역,1
통계청,해외건설수주내역,1
통계청,혼인형태내역,1
통계청,국가별수입검사실적현황,1
통계청,1인지출경비-전체(종합분석),1
통계청,전용면적별착공실적월계내역,1
통계청,ICT분야BSI현황,1
e-나라지표,IPU여성국회의원비율및순위내역,1
통계청,OECD국가별연령계층별고용률내역,1
통계청,OECD도소매업현황,1
한국과학기술기획평가원,RND회계기금별집행내역,1
FRED,VIX뉴욕주식시장변동성지수내역,1
통계청,건설수주동향내역,1
한국은행,경제심리지수내역,1
e-나라지표,고등학교유형별현황,1
e-나라지표,고용보험적용및징수현황내역,1
e-나라지표,공공기관녹색제품구매실적내역,1
통계청,공공부문별일자리형태별일자리내역,1
통계청,교원1인당학생수내역,1
통계청,구제신청건수및분쟁해결률내역,1
통계청,국가별성별고용률내역,1
한국은행,국가별외환보유액내역,1
통계청,국가별장래인구내역,1
brightics,국과수감정처리유형별현황,1
e-나라지표,국내광업권등록현황내역,1
e-나라지표,국민연금수급자현황내역,1
e-나라지표,국방예산추이내역,1
e-나라지표,기업공개실적내역,1
e-나라지표,기업부설연구소수,1
e-나라지표,난민인정자현황,1
통계청,GDP대비사회복지지출비율내역,1
e-나라지표,뇌사자장기기증내역,1
통계청,대형소매점판매액현황,1
통계청,도시가스보급률현황,1
통계청,도시군계획사업현황내역,1
e-나라지표,마약밀수단속추이내역,1
e-나라지표,문화재수리기술자기능자현황,1
e-나라지표,변호사공증사무소현황내역,1
e-나라지표,병역판정검사현황내역,1
e-나라지표,보육교직원내역,1
통계청,비정규직근로자비율내역,1
통계청,사망원인성연령사망자수및사망률내역,1
brightics,사법시험현황내역,1
e-나라지표,사회복무요원소집현황,1
통계청,사회복지전담공무원현황내역,1
통계청,산업및규모별임금및근로시간내역,1
통계청,산업별임금및근로시간내역,1
통계청,상권별오피스임대료현황,1
통계청,상권별중대형상가임대료내역,1
e-나라지표,섬유산업동향내역,1
관세청,세관별수출입실적내역,1
기획재정부,소관별 세입세출 결산 현황,1
통계청,소방안전교육이수율내역,1
통계청,수송수단별여객수송,1
통계청,수요별기계종류별기계수주불변금액내역,1
통계청,스마트폰과의존위험군현황,1
통계청,시군구농가수내역,1
통계청,시군구별주민등록인구내역,1
통계청,시군구성출산순위별출생내역,1
통계청,시군별종사상지위별취업자내역,1
통계청,시도에너지원소비실적내역,1
통계청,신뢰도내역,1
통계청,신재생에너지원별열량생산량현황,1
통계청,아동십만명당안전사고사망률현황,1
e-나라지표,암발생자수및암발생률내역,1
통계청,야간보행에대한안전도내역,1
e-나라지표,양도소득세부과현황내역,1
e-나라지표,어린이집수및아동수현황내역,1
통계청,어음교환및부도,1
e-나라지표,업종별기업결합현황내역,1
e-나라지표,연도별국가지정문화재현황내역,1
e-나라지표,연도별남북협력기금조성현황내역,1
통계청,연도별도시철도수송실적현황내역,1
통계청,영아사망원인성생존기간별사망자수영아사망률내역,1
통계청,월별소비자물가등락률,1
통계청,월평균임금및임금상승률내역,1
통계청,유아천명당보육시설수내역,1
통계청,의료기기수거검사내역,1
e-나라지표,의약품생산내역,1
brightics,일반고용동향내역,1
한국은행,재별제조업생산지수내역,1
e-나라지표,적용기간별최저임금현황내역,1
e-나라지표,행정부국가공무원정원내역,1
통계청,정치적역량감,1
e-나라지표,제조업부채비율,1
통계청,종사자지위별취업자내역,1
한국은행,주식거래및주가지수내역,1
e-나라지표,주요국가별RTA체결현황내역,1
e-나라지표,주요주류출고량현황내역,1
통계청,주차장확보율현황,1
통계청,주택건설실적총괄내역,1
e-나라지표,주택미분양현황내역,1
NBSC,중국제조업구매관리자지수,1
e-나라지표,중소제조업경영동향,1
e-나라지표,즉결심판청구건수현황,1
지방재정365,지방재정지역통합세입결산내역,1
지방재정365,지방재정최종통합재정수지결산내역,1
통계청,지역성고용형태별현재인원내역,1
e-나라지표,지하수및지표수의연간취수량,1
통계청,채권종류별상장내역,1
e-나라지표,채무보증현황내역,1
e-나라지표,총범죄발생및검거내역,1
brightics,치료감호소수용자현황,1
e-나라지표,특별재난지역선포,1
e-나라지표,해상범죄발생건수및처리현황내역,1
통계청,행정구역별순수토지거래현황내역,1
e-나라지표,노인취업률현황내역,1
e-나라지표,4대강주요지점수질현황내역,1
e-나라지표,전자정부서비스이용현황,1
통계청,WorldBank국가별경제규모현황,1
e-나라지표,e러닝활용현황,1
통계청,가정부문원별소비현황,1
e-나라지표,각국유엔정규분담금분담률현황내역,1
e-나라지표,건강가정지원센터설치수내역,1
통계청,건강평가내역,1
e-나라지표,결혼이민자내역,1
한국은행,경제활동인구내역,1
e-나라지표,공공기관재무정보,1
통계청,관광사업체수,1
e-나라지표,광공업생산동향내역,1
통계청,국가온실가스종류별배출량추이현황,1
e-나라지표,국가채권추이내역,1
e-나라지표,국내SW수출액현황내역,1
통계청,국내여객화물수송량및분담률내역,1
e-나라지표,국외도피사범송환현황내역,1
한국은행,국제수지내역,1
e-나라지표,근로소득세신고현황내역,1
통계청,급여형태별요양급여실적내역,1
e-나라지표,긍정정서설문내역,1
e-나라지표,나라장터운영실적,1
e-나라지표,농가교역조건지수현황,1
e-나라지표,대기질만족도현황,1
통계청,대한민국가계부채비율내역,1
통계청,도로포장률현황,1
통계청,도소매업종사자수현황,1
통계청,도시공원녹지유원지내역,1
통계청,도시군계획시설미집행현황내역,1
통계청,OECD연령별성별고용률내역,1
e-나라지표,매체별TV프로그램시청경험비율현황,1
e-나라지표,목재수급상세현황내역,1
e-나라지표,문화재발굴조사현황,1
FRED,미국주택착공건수내역,1
e-나라지표,배출원별CO배출량내역,1
e-나라지표,배출원별NH3배출량내역,1
e-나라지표,배출원별SOx배출량내역,1
통계청,범죄의발생검거현황,1
e-나라지표,보호조치내역,1
e-나라지표,보훈심사비해당자내역,1
통계청,사업체부문쌀소비량,1
e-나라지표,사이버방송영상아카데미운영내역,1
통계청,산업근로형태별취업자내역,1
통계청,산업별외국인투자유치실적현황,1
통계청,산업재해발생현황내역,1
통계청,상권별소규모상가임대가격지수현황,1
통계청,상권별오피스공실률현황,1
WHO,성별건강수명내역,1
통계청,성별구직단념자내역,1
통계청,성별사회적관계망내역,1
e-나라지표,성별연령집단별및도농별대인신뢰도,1
통계청,소득5분위별가구당도시가계수지내역,1
통계청,소득만족도내역,1
통계청,소비생활만족도내역,1
소상공인시장진흥공단,소상공인전망BSI내역,1
e-나라지표,수도권과지방현황,1
통계청,시군구고위험음주율내역,1
통계청,시군구및연령별주민등록인구내역,1
통계청,시군구별인구십만명당자살률내역,1
통계청,시군구일반폐기물재활용률내역,1
통계청,시군구지가변동률내역,1
통계청,시군취업자수내역,1
통계청,시도별소비생활만족도내역,1
통계청,시도상권별중대형상가공실률내역,1
통계청,시도실업률내역,1
통계청,시도어가수내역,1
통계청,시도어가인구내역,1
통계청,시도합계출산율모의연령별출산율내역,1
e-나라지표,식품및식품첨가물생산현황내역,1
CPB,신흥국수입물량지수내역,1
e-나라지표,어가소득현황내역,1
e-나라지표,어업생산량및양식량내역,1
통계청,여성고용동향내역,1
e-나라지표,연기금투자풀수익률내역,1
통계청,용도지역현황내역,1
e-나라지표,우리나라의PKO참여현황내역,1
e-나라지표,우리나라초중고학생의사교육현황,1
한국은행,원계열자본재형태별총자본형성내역,1
한국은행,원계열지출항목별성장기여도내역,1
e-나라지표,유네스코등재유산현황내역,1
e-나라지표,유아교육취원율현황,1
e-나라지표,의료급여수급내역,1
통계청,인구천명당지방자치단체공무원현원내역,1
통계청,인천공항물동량및환적률내역,1
e-나라지표,자연휴양림시설현황내역,1
통계청,장래인구변동요인내역,1
통계청,재난재해관리기금현황내역,1
e-나라지표,재정수지내역,1
e-나라지표,훈련참석률현황,1
통계청,전통시장부문별실적및전망내역,1
e-나라지표,정신질환유병률내역,1
통계청,제조업사업체수현황,1
통계청,제조업종사자수현황,1
통계청,조혼인율내역,1
e-나라지표,주세신고현황내역,1
한국은행,주요국제금리내역,1
한국은행,주요국통화대원화환율월별통계내역,1
통계청,주택매매가격지수내역,1
통계청,주택종류연면적거주인수별주택내역,1
CPB,중국수출물량지수내역,1
지방재정365,지방재정세입결산내역,1
지방재정365,지방재정지역통합자산결산내역,1
e-나라지표,지역별산업기술인력현황내역,1
통계청,지역업종별창업기업수내역,1
e-나라지표,직접금융기업자금조달내역,1
통계청,체질량기준비만유병률내역,1
e-나라지표,초중고교육과정현황,1
e-나라지표,초중등교육규모내역,1
한국재정정보원,카드소비 데이터 요약 전국,1
통계청,토지거래면적내역,1
통계청,토지거래현황,1
한국은행,통합재정수지내역,1
통계청,품목별수입수출현황,1
e-나라지표,해양보호구역지정현황,1
통계청,행정구역별주택매매거래현황내역,1
통계청,혼인건수내역,1
e-나라지표,디자인산업현황내역,1
e-나라지표,1인당여행일수현황,1
통계청,인구천명당사업체수현황,1
기획재정부,2025년 이전 회계·기금별 순자산변동표,1
기획재정부,2025년 이전 회계·기금별 재정운영표,1
e-나라지표,ICT발전지수내역,1
통계청,OECD국민계정현황,1
통계청,OECD평균고용률실업률내역,1
e-나라지표,SCI논문발표순위현황,1
통계청,가구당월평균가계수지전국2인이상내역,1
통계청,가구순자산내역,1
통계청,개발제한구역지정해제현황내역,1
e-나라지표,경제사범형사사건처리현황내역,1
e-나라지표,고소사건처리현황내역,1
한국은행,관세청국가별수출내역,1
한국은행,교역조건지수내역,1
통계청,국가기술자격취득자내역,1
통계청,국가별수출액수입액현황,1
e-나라지표,국가채무추이내역,1
e-나라지표,국적선원취업내역,1
통계청,국제여객화물수송량및분담률내역,1
통계청,규모별미분양현황내역,1
e-나라지표,근로장려금신청및지급내역,1
통계청,기대여명내역,1
e-나라지표,남북군사회담개최현황내역,1
한국경제연구원,내수전산업BSI전망내역,1
통계청,농림생산지수현황,1
한국은행,대외채무내역,1
통계청,도로교량및터널현황내역,1
통계청,도로현황내역,1
기획재정부,2025년 이전 재정운영표,1
e-나라지표,만5세이하누리과정지원율내역,1
e-나라지표,멸종위기야생생물지정현황,1
e-나라지표,문화산업현황,1
e-나라지표,문화재지킴이위촉현황,1
e-나라지표,민간인과의자살사고비교내역,1
e-나라지표,방한외래관광객내역,1
e-나라지표,범죄피해구조금지급현황,1
e-나라지표,법인세신고현황내역,1
e-나라지표,벤처기업정밀실태조사내역,1
e-나라지표,보험회사수입보험료규모내역,1
통계청,비전형근로자규모및증감내역,1
공공데이터 포탈,사업자현황내역,1
통계청,사업장생활계폐기물발생현황,1
e-나라지표,산업별근로시간및임금총액내역,1
e-나라지표,산업별근로시간및임금총액반기내역,1
통계청,산업별취업자내역,1
통계청,산업성별자본금규모별신설법인수현황,1
통계청,상권별집합상가수익률현황,1
통계청,상권별집합상가임대료현황,1
e-나라지표,상속세결정현황,1
한국은행,서비스수지내역,1
e-나라지표,서비스업동향,1
통계청,선거투표참여여부내역,1
CPB,선진국수출물량지수내역,1
통계청,성연령근로형태별취업자내역,1
통계청,세목별국세환급금실적내역,1
통계청,세부노동조합조직내역,1
기획재정부,세부사업 예산편성현황(외화),1
통계청,소비자물가등락률내역,1
e-나라지표,수목원현황내역,1
한국은행,수입금액지수내역,1
통계청,시군구하수도보급률내역,1
통계청,시도공업구조별제조업생산지수현황,1
통계청,시도광공업생산지수내역,1
통계청,시도교량내역,1
통계청,시도기초생활보장수급자수내역,1
통계청,시도별소득만족도내역,1
통계청,시도별외국인내역,1
통계청,시도별의료인력내역,1
통계청,시도소비자물가지수내역,1
통계청,시도출산순위별출생성비내역,1
통계청,신선식품지수(2015=100),1
통계청,안전보건지출비용규모및세부항목별비중내역,1
e-나라지표,앞으로하고싶은여가활동현황,1
e-나라지표,어가및어가인구내역,1
통계청,업종별창업기업수현황,1
한국은행,에너지소비량내역,1
e-나라지표,에너지원별발전량현황내역,1
통계청,연간여가활동유형내역,1
통계청,연도별임대사업자및임대호수현황내역,1
e-나라지표,외환사범단속현황,1
통계청,음주운전교통사고비율현황,1
통계청,의료서비스만족도내역,1
통계청,이민자월평균총소득내역,1
e-나라지표,인구내역,1
통계청,현재흡연율내역,1
통계청,자녀연령별부모의근로시간내역,1
통계청,전출인구내역,1
e-나라지표,조달청비축원자재현황내역,1
한국은행,주요국통화대미달러환율내역,1
e-나라지표,주요도시대기오염도이산화질소(NO2)현황,1
통계청,주요인구지표시도별추계내역,1
한국은행,주체별총자본형성내역,1
통계청,주택매매거래현황년도별행정구역별내역,1
FRED,중국소비자신뢰지수내역,1
e-나라지표,지방공무원정원내역,1
지방재정365,지방재정세출예산내역,1
지방재정365,지방재정시도별징수율내역,1
e-나라지표,지역별연구개발비,1
e-나라지표,지진발생빈도내역,1
e-나라지표,채권종류별발행잔액내역,1
e-나라지표,초고속인터넷가입자내역,1
e-나라지표,출입국자현황내역,1
e-나라지표,취학률및진학률현황내역,1
통계청,친환경인증농산물출하현황,1
e-나라지표,택지공급지정실적내역,1
e-나라지표,특허청위조상품단속건수내역,1
e-나라지표,폐수배출시설및배출량현황내역,1
관세청,품목별수출입실적내역,1
e-나라지표,해외파병현황,1
e-나라지표,해운서비스금액증가추이내역,1
e-나라지표,현역병입영현황내역,1
e-나라지표,등록박물관미술관현황내역,1
통계청,10차개정사업체부문쌀소비량,1
통계청,일반회계중일반공공행정예산비중내역,1
통계청,1차에너지공급현황,1
통계청,60세이상인구생활비마련방법내역,1
e-나라지표,ODA원조규모내역,1
통계청,OECD평균근로시간내역,1
e-나라지표,OECD학업성취도순위현황,1
e-나라지표,UNDP인간개발지수현황내역,1
통계청,가족의형태별분포내역,1
e-나라지표,강수량추이,1
brightics,개별소비세품목별신고현황,1
한국은행,건축물착공현황내역,1
통계청,경제성장률내역,1
한국은행,계절조정경상수지내역,1
한국은행,계절조정정보통신산업국민계정주요지표내역,1
e-나라지표,고객만족도지수내역,1
e-나라지표,고용허가제고용동향내역,1
e-나라지표,공공기관CCTV설치및운영현황,1
e-나라지표,공공체육시설현황및1인당체육시설면적내역,1
e-나라지표,공무원보수추이내역,1
e-나라지표,과세전적부심사청구처리현황내역,1
e-나라지표,관세징수액내역,1
e-나라지표,교육비부담도현황,1
e-나라지표,구속영장청구발부현황내역,1
e-나라지표,국가등록문화재현황내역,1
통계청,국가별국제수지내역,1
e-나라지표,국내인구이동내역,1
한국은행,국민계정연간지표내역,1
통계청,1인당지역총소득내역,1
한국은행,국민처분가능소득과처분내역,1
통계청,규모별임금및근로시간내역,1
통계청,규모연령계층임금계층성별근로자수및근로시간내역,1
e-나라지표,기관별연구개발비내역,1
e-나라지표,남북군사회담합의서체결현황,1
e-나라지표,남북인적교류추이현황,1
e-나라지표,남성대비여성임금비율내역,1
통계청,다문화가구구성및가구원수별가구내역,1
통계청,단체참여내역,1
e-나라지표,모의연령별출산율및합계출산율내역,1
e-나라지표,모자가족복지시설입퇴소자현황내역,1
FRED,미국산업생산지수내역,1
통계청,미세먼지(PM10)월별도시별대기오염도현황,1
한국재정정보원,방문인구 출발지-목적지 데이터,1
e-나라지표,방송프로그램수출입현황내역,1
e-나라지표,배출원별해양오염사고발생현황,1
e-나라지표,보훈보상금지급내역,1
통계청,부문별협약임금인상률내역,1
통계청,사회복지시설종사자수내역,1
통계청,상권별소규모상가기본,1
통계청,상권별소규모상가임대료현황,1
e-나라지표,새마을금고현황,1
통계청,서비스업사업체수현황,1
통계청,성별기대수명내역,1
통계청,성별외국인시군구내역,1
e-나라지표,성연령별사망자수내역,1
e-나라지표,소비자물가상승률내역,1
e-나라지표,소상공인시장경기동향,1
e-나라지표,소상공인현황,1
통계청,시군구토지용도별지가변동률내역,1
통계청,시도기온내역,1
통계청,시도도시공원조성면적내역,1
통계청,시도별기초생활수급자총괄내역,1
통계청,시도별대중교통이용횟수현황,1
통계청,시도별범죄발생건수내역,1
e-나라지표,시도별세수실적내역,1
통계청,시도별인구동태내역,1
통계청,시도지방세내역,1
통계청,시도해외여행내역,1
한국은행,시장금리일별내역,1
e-나라지표,신용보증규모내역,1
통계청,아파트매매가격지수내역,1
통계청,업종별문화재수리업체내역,1
통계청,여가활용불만족이유현황,1
통계청,연령별미혼모미혼부내역,1
통계청,연안해송물동량현황내역,1
기획재정부,예산편성현황(총수입),1
통계청,온라인쇼핑몰취급상품범위별상품군별거래액현황,1
한국은행,외환보유액내역,1
통계청,유학생관련현황,1
통계청,인구동향내역,1
통계청,인구천명당종사자수현황,1
통계청,인구총조사인구내역,1
e-나라지표,헌혈인구및개인헌혈비율내역,1
전력거래소,일별최대전력수급내역,1
e-나라지표,자치단체사회복지및SOC예산규모내역,1
통계청,장애인복지시설내역,1
기획재정부,재정증권 발행 및 상환내역,1
통계청,전국(도별)논밭별경지면적,1
e-나라지표,전쟁별참전유공자내역,1
한국경제연구원,종합경기BSI전망계절조정내역,1
통계청,주택매매가격변동률내역,1
brightics,주택전세가격지수KB내역,1
NBSC,중국전년동분기대비경제성장률내역,1
통계청,중학교내역,1
지방교육재정알리미,지방교육재정재원별단체별세입결산내역,1
통계청,지방자치단체여성공무원현황,1
통계청,지방자치단체행정구역및인구내역,1
지방재정365,지방재정당초통합재정수지내역,1
지방재정365,지방재정재원별회계별세입결산내역,1
통계청,특수분류별설비투자지수내역,1
e-나라지표,하수도보급률변화추이내역,1
통계청,학교급및특성별1인당월사교육비내역,1
통계청,학교급별사교육비총액현황,1
e-나라지표,학자금대출현황,1
통계청,학제및설립별졸업내역,1
e-나라지표,해외이주신고자현황내역,1
e-나라지표,해킹사고건수내역,1
통계청,향후늘려야할복지서비스내역,1
한국은행,국민소득과부문별국민처분가능소득내역,1
e-나라지표,112신고접수현황,1
통계청,주택월세가격지수내역,1
통계청,가구수내역,1
통계청,가구특성별소득원천별가구소득내역,1
통계청,가족과함께하는생활시간량내역,1
통계청,건설투자동향내역,1
e-나라지표,고령자고용동향내역,1
통계청,고속국도현황내역,1
통계청,고용보험신규취득자수내역,1
한국고용정보원,고용보험피보험자내역,1
e-나라지표,공동주택현황내역,1
e-나라지표,관광사업체업종별주요지표내역,1
e-나라지표,구조활동현황내역,1
통계청,국가별국민총생산내역,1
공공데이터 포탈,국민연금가입자수내역,1
e-나라지표,국유재산현황내역,1
기획재정부,기금별 수입지출 결산 현황,1
통계청,기업규모별수출입내역,1
e-나라지표,내역별산업별규모별노동비용내역,1
통계청,노사분규발생건수및근로손실일수내역,1
통계청,노외주차장현황,1
통계청,도로교통혼잡비용내역,1
통계청,도소매업사업체수현황,1
OECD,OECD조세수입내역,1
e-나라지표,민간기업유형별연구개발비내역,1
한국재정정보원,방문인구 성연령 데이터,1
e-나라지표,방송서비스시장매출액,1
e-나라지표,벤처캐피탈투자현황내역,1
e-나라지표,병역자원현황,1
통계청,보훈대상자취업및대부지원내역,1
e-나라지표,비철금속국내수급현황내역,1
e-나라지표,사내근로복지기금설치내역,1
e-나라지표,사업장규모별근로시간및임금총액내역,1
한국은행,산업별취업유발계수내역,1
통계청,상권별집합상가임대가격지수현황,1
brightics,선거사범공안사건처리현황내역,1
통계청,설비투자지수현황,1
통계청,성별가족관계만족도내역,1
brightics,성연령별실업률내역,1
통계청,소득5분위별가구당전국가계수지내역,1
통계청,소방공무원1인당담당주민수내역,1
소상공인시장진흥공단,소상공인체감BSI내역,1
e-나라지표,소재부품무역통계내역,1
e-나라지표,수산물수급실적통계내역,1
e-나라지표,수요기관등록현황,1
한국은행,수출기업전국전망내역,1
e-나라지표,수출입물가지수,1
e-나라지표,수형자출소사유별현황,1
통계청,스트레스인지율추이내역,1
한국전력공사,시군구별계약종별별전력사용현황내역,1
brightics,시군구별산업별고용내역,1
통계청,시군구스트레스인지율내역,1
통계청,시군구화재발생건수내역,1
통계청,시도119안전센터내역,1
통계청,시도서비스업생산지수내역,1
한국고용정보원,실업급여지급자내역,1
통계청,아동학대피해경험률내역,1
e-나라지표,여성경제활동인구및참가율내역,1
통계청,월간폭음률추이내역,1
한국재정정보원,유동인구 시간대 데이터,1
e-나라지표,자녀수별맞벌이가구내역,1
통계청,자원봉사활동참여율내역,1
e-나라지표,자치단체재정자주도현황,1
e-나라지표,장애인지역사회재활시설내역,1
통계청,전국대기오염물질배출량,1
e-나라지표,정부재정규모내역,1
통계청,제조업ICT생산지수현황,1
통계청,주요해운선진국의지배선대현황내역,1
brightics,주택도시기금조성및운용실적내역,1
통계청,환경산업분류별매체별매출액현황,1
통계청,중대형상가공실률내역,1
통계청,지목별국토면적현황,1
e-나라지표,지방세신장추세내역,1
지방재정365,지방재정세출결산내역,1
지방재정365,지방재정재정자주도당초내역,1
e-나라지표,지역별및소득계층별1인당주거면적내역,1
통계청,직업별인력수요전망내역,1
e-나라지표,직접지불금현황,1
e-나라지표,참전유공자현황내역,1
e-나라지표,체육시설업현황내역,1
통계청,초등학교교원수현황,1
e-나라지표,출판현황내역,1
통계청,평일여가시간내역,1
e-나라지표,해외조림현황내역,1
통계청,행정구역별국토면적현황,1
통계청,행정구역별농가인구내역,1
e-나라지표,행정기관위원회수현황내역,1
e-나라지표,행정부국가공무원신규임용현황,1
e-나라지표,현금영수증발급현황,1
통계청,현재녹지환경체감환경현황,1
CPB,미국수출물량지수내역,1
e-나라지표,10대수출품목내역,1
e-나라지표,중소제조업인력현황내역,1
통계청,OECD고령인구비율내역,1
통계청,OECD국가별임금내역,1
통계청,OECD금리및주가현황,1
OECD,OECD기업신뢰지수내역,1
통계청,OECD물가현황,1
통계청,OECD상대적빈곤율내역,1
e-나라지표,UN전자정부평가,1
국고보조금통합관리시스템,e나라도움중앙부처별보조사업자현황수신내역,1
e-나라지표,가구인터넷보급률및컴퓨터보유율내역,1
통계청,가해에의한사망률내역,1
e-나라지표,개성관광객현황,1
한국은행,경제활동별실질계절조정GDP및GNI내역,1
통계청,고위험음주율추이내역,1
통계청,골재허가실적채취실적내역,1
e-나라지표,공공도서관현황내역,1
통계청,공사완료후미분양내역,1
통계청,국내여객수송실적내역,1
e-나라지표,국립묘지별안장내역,1
통계청,근로형태별월평균임금및증감내역,1
e-나라지표,금강산관광객현황,1
e-나라지표,기업결합동향내역,1
e-나라지표,기온추이,1
e-나라지표,남북교역추이내역,1
통계청,단독주택내역,1
e-나라지표,대규모기업집단지정내역,1
관세청,대륙별수출입실적내역,1
통계청,2015산업별서비스업생산지수내역,1
통계청,도시군계획시설현황내역,1
CPB,미국수입물량지수내역,1
ISM,미국제조업구매관리자지수내역,1
통계청,발주자별계절조정건설기성금액내역,1
e-나라지표,방산물자업체지정현황,1
통계청,범죄발생검거내역,1
e-나라지표,보호관찰대상자재범률,1
에너지경제연구원,부문별제품별에너지소비내역,1
통계청,부정정서설문내역,1
통계청,사망률내역,1
통계청,사업장배출시설계폐기물발생현황,1
통계청,산업별계절조정취업자내역,1
통계청,산업별기술무역수지추이내역,1
통계청,상권별오피스수익률현황,1
통계청,상이국가유공자신체검사내역,1
e-나라지표,상장회사수시가총액내역,1
e-나라지표,석유수급동향내역,1
e-나라지표,석유화학산업동향내역,1
e-나라지표,석탄무연탄수급동향내역,1
CPB,선진국수입물량지수내역,1
통계청,성연령별취업자내역,1
기획재정부,세출세목예산편성현황(추경포함),1
통계청,소매업태별판매액지수현황,1
e-나라지표,소방인력현황내역,1
e-나라지표,수질만족도현황,1
통계청,시군구1인가구내역,1
통계청,시군구음주율내역,1
통계청,시도구조구급대원내역,1
통계청,시도별1인가구내역,1
통계청,시도별원유생산량현황,1
통계청,시도별평균초혼연령내역,1
통계청,시도시군구별외국인과의혼인내역,1
통계청,시도장애유형별등록장애인내역,1
통계청,시도지정등록문화재내역,1
e-나라지표,신재생에너지보급현황,1
e-나라지표,아동안전사고사망자수현황,1
통계청,에너지필요추정량초과섭취인구분율내역,1
e-나라지표,여성경력단절규모내역,1
e-나라지표,연도별사업자현황내역,1
한국은행,외국인투자내역,1
통계청,유형별월세통합가격지수내역,1
통계청,육아기근로시간단축제도활용실적내역,1
e-나라지표,이산화탄소연평균농도변화추이내역,1
통계청,재별및상품군별판매액현황,1
e-나라지표,전력수급동향,1
e-나라지표,전자정부서비스인지현황,1
e-나라지표,전통사찰지정등록현황,1
e-나라지표,정부위원회여성참여율내역,1
e-나라지표,제대군인지원실적내역,1
e-나라지표,주거환경만족도내역,1
e-나라지표,주요대도시주거지역소음도내역,1
e-나라지표,주요도시대기오염도미세먼지(PM010)현황,1
통계청,주택의종류및주거면적별가구내역,1
통계청,환경산업분류별업종별투자액현황,1
지방교육재정알리미,지방교육재정세입예산결산내역,1
e-나라지표,지방이전재원규모내역,1
한국은행,지역별어음부도율내역,1
e-나라지표,지역별연구원내역,1
e-나라지표,지하수이용현황내역,1
통계청,철도여객수송추이내역,1
통계청,청년실업률내역,1
e-나라지표,청소년방과후아카데미운영현황,1
통계청,청소년현재음주율추이내역,1
e-나라지표,총기등허가현황내역,1
e-나라지표,출산및육아휴직내역,1
e-나라지표,출생률및사망률추이내역,1
e-나라지표,출소자취업현황,1
통계청,취업자증감내역,1
통계청,토지거래동향,1
통계청,펀드설정잔액내역,1
통계청,품목별EBSI내역,1
e-나라지표,피의자보상금지급현황내역,1
통계청,학교교육의효과현황,1
통계청,학교급및특성별사교육참여율현황,1
e-나라지표,학교급식실시현황내역,1
e-나라지표,학교도서관현황내역,1
통계청,행정구역별토지거래현황,1
e-나라지표,행정정보공동이용총괄표내역,1
통계청,현금기부인구내역,1
e-나라지표,대학교육과정,1
통계청,1인당연간양곡소비량내역,1
통계청,주택전세가격지수내역,1
통계청,9도농가부채내역,1
기획재정부,CDS프리미엄내역,1
통계청,GDP대비경상의료비비율내역,1
통계청,OECD건설업현황,1
OECD,OECD경기선행지수내역,1
통계청,OECD기업및소비자의견조사현황,1
brightics,가구주성별자산부채소득내역,1
통계청,가사분담에대한실태내역,1
e-나라지표,개방형공무원임용현황내역,1
brightics,개별소비세신고현황내역,1
e-나라지표,개인정보침해상담건수내역,1
통계청,건축착공현황내역,1
관세청,경제권별수출입실적내역,1
통계청,경찰공무원1인당담당주민수내역,1
통계청,공종별경상건설기성금액내역,1
통계청,구인수구직자수취업자수내역,1
통계청,국가별1인당국내총생산내역,1
e-나라지표,군사망사고현황내역,1
e-나라지표,군수품조달집행액현황내역,1
통계청,기준중위소득추이내역,1
e-나라지표,기후변화불안도현황,1
기획재정부,2025년 이전 회계·기금별 재정상태표,1
e-나라지표,남북화물물동량추이현황,1
통계청,논경지면적현황,1
통계청,다문화가구및가구원내역,1
한국은행,대륙별해외직접투자내역,1
통계청,도로보급률현황,1
통계청,도시2인이상세대월평균실질가계수지내역,1
e-나라지표,문화여가지출률내역,1
BEA,미국실질계절조정경제성장률내역,1
BLS,미국총고용인원계절조정내역,1
e-나라지표,반도체디스플레이산업동향내역,1
e-나라지표,배출원별BC배출량내역,1
통계청,부모생활비주제공자내역,1
e-나라지표,부패인식지수CPI,1
통계청,사회안전에대한인식내역,1
brightics,산림면적및임목축적내역,1
e-나라지표,산업기술인력현황내역,1
통계청,상권별중대형상가기본,1
e-나라지표,석유화학분야가격동향내역,1
e-나라지표,선거투표율,1
e-나라지표,선박용도별해양사고발생현황내역,1
통계청,성연령별사망자수및사망률내역,1
통계청,소득분배지표내역,1
통계청,시도별경제활동인구내역,1
통계청,시도별노령화지수추계내역,1
통계청,시도별요양기관내역,1
통계청,시도소방서내역,1
e-나라지표,신용카드발행세액공제현황,1
e-나라지표,쌀전업농경영면적비중,1
e-나라지표,아동안전사고사망자유형별현황,1
통계청,아파트전세가격지수내역,1
한국은행,어음교환및부도내역,1
통계청,연도별해외직접투자내역,1
통계청,예산및세수실적내역,1
통계청,요양기관수내역,1
e-나라지표,우리나라의WTO분쟁현황내역,1
e-나라지표,유형별평가결과등급분포내역,1
e-나라지표,육로이용인원왕래현황,1
e-나라지표,재정건전성순위내역,1
통계청,전국무역항항만시설확보율내역,1
통계청,전체사업체입주현황,1
통계청,제조업평균가동률현황,1
e-나라지표,종합소득세신고현황내역,1
한국은행,주요국통화대원화환율내역,1
e-나라지표,주요영화산업국가의자국영화점유율현황,1
e-나라지표,회사채발행규모내역,1
지방재정365,지방재정기금결산내역,1
통계청,지역별외래및입원1인당방문및입원일수내역,1
통계청,지역사회소속감내역,1
e-나라지표,지정폐기물발생및처리현황내역,1
통계청,창업기업고용인원현황,1
통계청,초등학교개황현황,1
e-나라지표,초중등교육시설현황내역,1
한국은행,총저축총투자내역,1
통계청,추계인구내역,1
e-나라지표,친환경상품구매실적내역,1
e-나라지표,통근시간별통근인구와평균통근시간내역,1
e-나라지표,특별관리해역수질현황내역,1
e-나라지표,특정범죄자위치추적현황,1
e-나라지표,폐기물재활용실적및업체현황내역,1
통계청,품목성질별소비자물가지수(2015=100),1
e-나라지표,프로스포츠운영현황내역,1
e-나라지표,학력인정평생교육시설현황,1
통계청,항공노선취항추이내역,1
통계청,현재흡연율추이내역,1
e-나라지표,황사발생빈도내역,1
e-나라지표,남북이산가족상봉추이현황,1
e-나라지표,10대수입품목내역,1
e-나라지표,제대군인내역,1
e-나라지표,APEC관련수출입투자현황내역,1
통계청,OECD생산현황,1
OECD,OECD일반정부부채내역,1
국고보조금통합관리시스템,e나라도움비목별보조금예산현황내역,1
통계청,가구중위소득내역,1
통계청,가족관계만족도내역,1
통계청,가족친화인증기업체수내역,1
e-나라지표,개성공단생산액및근로자현황,1
e-나라지표,갯벌면적변동추이내역,1
통계청,건축허가면적증감률현황,1
한국은행,경기종합지수내역,1
e-나라지표,고집중품목및출하액비중내역,1
e-나라지표,고충민원접수처리현황내역,1
통계청,구직급여신청자수내역,1
e-나라지표,국가기록물열람현황내역,1
e-나라지표,국가기술자격응시자내역,1
OECD,국가별가계부채비율내역,1
한국은행,국가별생산자물가지수내역,1
e-나라지표,국가암검진사업수검률내역,1
통계청,국가온실가스배출통계추이현황,1
e-나라지표,국내바이오산업동향내역,1
통계청,국적지역별결혼이민자현황,1
e-나라지표,군병원외래입원환자현황,1
통계청,근로형태별임금근로자특성내역,1
e-나라지표,기관별연구원현황,1
e-나라지표,내년가구의재정상태내역,1
e-나라지표,1심 2심무죄현황내역,1
e-나라지표,민방위대편성현황내역,1
e-나라지표,방산업체경영실태내역,1
e-나라지표,보험회사지급여력비율,1
통계청,본인세대계층이동내역,1
e-나라지표,부패인식응답비율내역,1
한국은행,분기별수출금액내역,1
통계청,사회적관계망내역,1
통계청,산업분류별일자리내역,1
통계청,상권별오피스기본,1
통계청,상권별오피스임대가격지수현황,1
한국재정정보원,서비스인구 성연령 데이터,1
관세청,성질별수출입실적내역,1
e-나라지표,성폭력관련시설운영실적내역,1
기획재정부,세목 예산편성현황(총지출),1
e-나라지표,세부생산자물가지수내역,1
기획재정부,세출지출결산현황,1
통계청,소득5분위별가구당가계수지_도시1인이상실질내역,1
e-나라지표,소음진동배출시설현황내역,1
e-나라지표,수출입동향내역,1
e-나라지표,승강기보유및사고,1
통계청,시군고용률내역,1
통계청,시군구1인당생활폐기물배출량,1
통계청,시군구흡연율내역,1
통계청,시도별맞벌이가구내역,1
통계청,시도수출금액내역,1
통계청,신재생에너지원별생산량현황,1
e-나라지표,실종아동등신고접수처리현황내역,1
e-나라지표,암사망자수및암사망률내역,1
e-나라지표,여성가구주가구비율내역,1
e-나라지표,여성경력단절사유내역,1
e-나라지표,연도별아동급식지원내역,1
통계청,연도별품목성질별소비자물가지수,1
기획재정부,예산편성현황(총액),1
통계청,외국국적동포내역,1
e-나라지표,외국인증권투자현황,1
통계청,운수업사업체수현황,1
기획재정부,월별 지출집행상황,1
통계청,월별산업및규모별임금및근로시간내역,1
통계청,유치원수현황,1
통계청,유치원원아수현황,1
통계청,인구동태건수및동태율추이내역,1
통계청,인구십만명당체육시설수현황,1
e-나라지표,인터넷이용률내역,1
통계청,일반국도관리연장현황내역,1
e-나라지표,일반기계산업동향내역,1
기획재정부,일일경제비고내역,1
e-나라지표,임대주택재고내역,1
통계청,자녀연령별맞벌이가구내역,1
통계청,자동차등록내역,1
통계청,자동차등록현황,1
e-나라지표,전국시도월소득대비주택임대료비율내역,1
e-나라지표,전산업생산지수(원지수)분기월현황,1
통계청,점유형태별가구분포내역,1
e-나라지표,환경오염분쟁조정내역,1
e-나라지표,종사상지위별여성취업자구성비내역,1
e-나라지표,종합소득세기장신고자현황내역,1
통계청,주관적소득수준내역,1
e-나라지표,주요도시대기오염도이산화황(SO2)현황,1
통계청,주택건설인허가내역,1
e-나라지표,주택매매가격동향내역,1
CPB,중국수입물량지수내역,1
e-나라지표,중소기업일반현황내역,1
지방교육재정알리미,지방교육재정기능별정책사업별세출결산내역,1
지방재정365,지방재정기능별단체별세출결산내역,1
e-나라지표,지방적정섭취인구분율내역,1
통계청,지역별수출현황,1
통계청,철도화물수송추이내역,1
통계청,청년고용률내역,1
e-나라지표,청소년유해약물사용경험내역,1
e-나라지표,출생사망추이내역,1
통계청,취업노인의종사직종내역,1
e-나라지표,특수교육대상자진학률취업률내역,1
e-나라지표,학령아동변동추계내역,1
e-나라지표,해상조난사고현황,1
e-나라지표,해양오염사고발생현황내역,1
e-나라지표,해외이주현황내역,1
e-나라지표,해외자원개발현황내역,1
e-나라지표,행정정보공개율내역,1
통계청,현거주지성연령및1년전거주지이동인구내역,1
e-나라지표,대학재정지원사업현황내역,1
통계청,1인당민간소비지출액내역,1
e-나라지표,주류출고량현황내역,1
통계청,2020학교급및특성별1인당사교육비내역,1
통계청,5세별간이생명표내역,1
e-나라지표,IMD과학기술인프라현황,1
e-나라지표,WEF과학기술경쟁력내역,1
국고보조금통합관리시스템,e나라도움분야부문별보조금예산현황내역,1
e-나라지표,가계신용동향,1
통계청,가사분담에대한견해내역,1
e-나라지표,가스수급동향및전망내역,1
통계청,건강보험적용인구현황내역,1
통계청,건설동향,1
통계청,경기종합지수현황,1
한국은행,계절조정총저축과총투자내역,1
통계청,고속철도여객수송동향,1
통계청,고용형태별임금및근로시간내역,1
통계청,고혈압유병률추이내역,1
e-나라지표,공공기관인력내역,1
e-나라지표,공공데이터개방및활용,1
국토교통통계누리,공동주택분양승인실적내역,1
e-나라지표,공연장등문화시설추이내역,1
e-나라지표,공연전시건수내역,1
통계청,공항운송내역,1
e-나라지표,교정시설1일평균수용인원내역,1
통계청,교통문화지수내역,1
e-나라지표,교통사고현황내역,1
통계청,구직급여신청동향내역,1
e-나라지표,국내박사학위취득자현황내역,1
한국은행,국내총생산에대한지출디플레이터내역,1
e-나라지표,국립공원현황내역,1
통계청,2015기준시도소비자물가지수내역,1
e-나라지표,궁능원관람객수내역,1
통계청,기부율내역,1
e-나라지표,노동조합조직내역,1
통계청,노인천명당노인여가복지시설수내역,1
e-나라지표,농약및화학비료사용량현황,1
통계청,당뇨병유병률추이내역,1
통계청,대학교교원수현황,1
CB,미국소비자신뢰지수내역,1
e-나라지표,병영생활관개선현황,1
통계청,보건및사회복지사업체비율내역,1
통계청,보훈심사해당자내역,1
한국은행,부문별전력사용량내역,1
한국은행,분기별수입금액내역,1
e-나라지표,사고발생현황내역,1
e-나라지표,사고원인별해양오염사고발생현황내역,1
e-나라지표,사이버범죄발생및검거내역,1
e-나라지표,산업별인력부족내역,1
통계청,산업재해내역,1
통계청,산업중분류별주요지표현황,1
통계청,상권별중대형상가임대가격지수현황,1
e-나라지표,상수도통계내역,1
통계청,성별국적별국제이동내역,1
통계청,성별임금및근로시간내역,1
통계청,성연령및지역별인구총조사내역,1
e-나라지표,세계국제회개최건수내역,1
통계청,세대주연령및세대유형별추계내역,1
통계청,세목별국세물납현황내역,1
기획재정부,세입 예산편성현황(추경포함),1
통계청,소득5분위별가구당가계수지_전국2인이상실질내역,1
한국은행,수입물가지수내역,1
한국은행,수출물가지수내역,1
통계청,시군구경제활동인구내역,1
통계청,시도경제활동인구내역,1
통계청,시도삶의만족도내역,1
통계청,시도수도시설내역,1
통계청,시도에너지소비량내역,1
한국은행,시장금리월별내역,1
통계청,실업급여신청자내역,1
e-나라지표,어업경영자금지원현황내역,1
e-나라지표,여권발급추이내역,1
e-나라지표,연도별국과수감정처리현황,1
brightics,연령별계절조정내역,1
영화진흥위원회,영화매출금액및관객수내역,1
e-나라지표,외평채스프레드추이내역,1
통계청,월간음주율내역,1
통계청,월별주택사용검사실적내역,1
e-나라지표,유통식품수거검사부적합률내역,1
e-나라지표,일조시간추이,1
e-나라지표,임금채권및체당금지급내역,1
한국은행,자본재형태별총자본형성내역,1
통계청,자연재해위험개선지구지정현황현황,1
e-나라지표,장애인생산품우선구매내역,1
통계청,재범자재범종류및기간현황,1
통계청,전력판매량현황,1
소상공인시장진흥공단,전통시장체감MBSI내역,1
e-나라지표,정부24서비스,1
한국은행,제도부문별소득계정내역,1
기획재정부,회계별 세출 결산 현황,1
e-나라지표,주요관광지점입장객통계현황,1
e-나라지표,주요국PKO파견현황내역,1
e-나라지표,주요도시빗물산도내역,1
e-나라지표,주요유통업체매출동향내역,1
공공데이터 포탈,주택매매가격대비전세가격비율내역,1
e-나라지표,주택멸실현황내역,1
통계청,주택수내역,1
통계청,주택유형별주택거래현황내역,1
FRED,중국소비자물가지수내역,1
NBSC,중국전분기대비경제성장률내역,1
e-나라지표,중소제조업생산동향,1
e-나라지표,중앙행정기관소관위원회여성참여율내역,1
지방교육재정알리미,지방교육재정세출예산결산내역,1
지방교육재정알리미,지방교육재정중기계획내역,1
지방교육재정알리미,지방교육재정지방교육채내역,1
지방재정365,지방재정재정자립도당초내역,1
통계청,직업능력개발훈련실시내역,1
통계청,직종별인력현황,1
e-나라지표,총연구개발비내역,1
e-나라지표,총혼인건수및조혼인율내역,1
e-나라지표,학력별인구비율및취업률내역,1
e-나라지표,항공우주산업동향내역,1
통계청,항공화물수송(국내국제),1
통계청,항생제및주사제처방률내역,1
e-나라지표,현금영수증가맹점가입현황,1
e-나라지표,혼인상태별가사노동시간내역,1
기획재정부,회계별 세입 결산 현황,1
한국은행,국민계정분기지표내역,1
통계청,65세이상인구의상대적빈곤율추이내역,1
통계청,주요인구지표전국추계내역,1
통계청,OECD국가공공사회복지지출내역,1
통계청,OECD무역현황,1
한국석유공사,PETRONET국제유가내역,1
통계청,[종관기상]지점별연월통계,1
통계청,가구당월평균가계수지내역,1
통계청,가구당월평균분위경계값및적자가구비율2인이상내역,1
통계청,가구주의연령및가구원수별가구내역,1
e-나라지표,고등교육규모내역,1
통계청,고용보조지표내역,1
e-나라지표,공직사회부패인식점수내역,1
통계청,국가물류비현황,1
e-나라지표,국가온실가스통계내역,1
통계청,국가유공자등재가복지서비스내역,1
e-나라지표,국세지방세비중내역,1
e-나라지표,국적통계추이내역,1
e-나라지표,근로자평균근속년수평균연령학력별임금내역,1
한국은행,금융자산부채잔액내역,1
e-나라지표,기금운용규모내역,1
e-나라지표,난민신청자현황,1
e-나라지표,남녀별인구내역,1
통계청,내수수출광공업출하지수현황,1
e-나라지표,노인일자리및노후생활현황내역,1
e-나라지표,노인일자리창출제공건수내역,1
한국언론진흥재단,뉴스키워드트렌드내역,1
통계청,다음세대계층이동내역,1
서치스,GDP대비공공부문부채비율내역,1
e-나라지표,문화예술교육프로그램보급추이내역,1
e-나라지표,물질별해양오염사고발생현황,1
통계청,민간기업장애인고용내역,1
통계청,발주자공종별건설수주액현황,1
통계청,보훈대상자현황내역,1
e-나라지표,북한이탈주민입국현황,1
e-나라지표,비정규직고용동향내역,1
통계청,사망자수내역,1
통계청,사회적고립도내역,1
e-나라지표,산불피해현황내역,1
e-나라지표,산업별인력수요전망내역,1
e-나라지표,산재보험보험급여지급내역,1
e-나라지표,산지의타용도전용현황내역,1
통계청,상권별집합상가기본,1
통계청,생활체육참여및빈도내역,1
통계청,서비스업종사자수현황,1
한국재정정보원,서비스인구 거주지 데이터,1
서울열린데이터광장,서울특별시지하철승하차인원수내역,1
e-나라지표,성매매피해자지원현황내역,1
통계청,성별취업시간별취업자내역,1
한국은행,소비자물가지수내역,1
e-나라지표,순환변동치경기종합지수내역,1
통계청,시군구도시지역면적내역,1
통계청,시군구상수도보급률내역,1
통계청,시군구인구세대주택내역,1
통계청,시군구초등학교수내역,1
통계청,시군구학급당학생수내역,1
통계청,시도건축착공면적내역,1
통계청,시도근로시간내역,1
통계청,시도별도시림면적분포내역,1
brightics,시도별인구밀도내역,1
brightics,시도청년고용률내역,1
관세청,신성질별수출입실적내역,1
통계청,아파트월세가격지수내역,1
e-나라지표,암환자보장률내역,1
통계청,어린이식생활안전지수내역,1
한국은행,업종별실업급여수급실적내역,1
e-나라지표,에어로졸PM10연평균농도변화추이,1
통계청,연도별범죄피해건수와피해율현황,1
통계청,연도별소비자물가등락률,1
한국은행,원계열국내총생산에대한지출내역,1
e-나라지표,유아교육규모내역,1
통계청,육아휴직신청및휴직후고용상변동내역,1
e-나라지표,은행의기업및가계대출연체대출채권비율,1
통계청,의약외품생산수입액및증감율내역,1
brightics,일과가정생활의우선도내역,1
e-나라지표,자동차산업동향내역,1
e-나라지표,자영업자현황,1
e-나라지표,장애인의무고용현황내역,1
e-나라지표,전체사건접수처리현황내역,1
통계청,전출입시도별이동내역,1
e-나라지표,정부기구추이내역,1
e-나라지표,조달사업실적내역,1
통계청,종사자수현황,1
e-나라지표,화학물질통계조사현황,1
e-나라지표,지가동향내역,1
지방교육재정알리미,지방교육재정기능별정책사업별세출예산내역,1
지방재정365,지방재정사회복지비중내역,1
지방재정365,지방재정성질별단체별세입결산내역,1
지방재정365,지방재정재정자주도최종내역,1
지방재정365,지방재정최종통합재정수지내역,1
e-나라지표,지역별인구및인구밀도내역,1
통계청,초등학교학생수현황,1
e-나라지표,최저주거기준미달가구비율내역,1
e-나라지표,출소자3년이내재복역률,1
brightics,취업자수계절변동조정내역,1
통계청,친환경인증축산물출하현황,1
한국재정정보원,카드소비 데이터,1
한국재정정보원,카드소비 데이터 요약 광역시도,1
통계청,평균연령내역,1
통계청,폐수배출업소수현황,1
통계청,하천정비현황내역,1
e-나라지표,학생1인당공교육비내역,1
e-나라지표,학업성취도평가내역,1
e-나라지표,학점은행제및독학학위제학위수여자현황,1
e-나라지표,한국선박수주량기타지표내역,1
e-나라지표,한국선박수출입동향내역,1
e-나라지표,혁신형중소기업현황내역,1
통계청,현재하천체감환경현황,1
통계청,도로종류별평균일교통량내역,1
기획재정부,2025년 이전 소관별 재정상태표,1
e-나라지표,조달업체등록현황,1
e-나라지표,IMD교육경쟁력내역,1
통계청,OECD제조업현황,1
한국은행,가계신용내역,1
통계청,가정폭력관련시설운영실적내역,1
통계청,가족친화인증기업수누적내역,1
행정정보공동이용시스템,건강보험공단사회보험료체납내역,1
e-나라지표,경상수지및무역수지내역,1
한국은행,경제활동별GDP및GNI내역,1
한국은행,경제활동별명목GDP및GNI내역,1
한국은행,경제활동별성장기여도내역,1
통계청,고속국도차량이용현황내역,1
e-나라지표,고용보험피보험자현황내역,1
통계청,고용형태별근로조건실태현황내역,1
기획재정부,공공기관별 주요관리대상사업 집행실적,1
e-나라지표,공무원연금기금증식현황,1
e-나라지표,공무원직장협의회가입현황내역,1
e-나라지표,관광수지동향내역,1
e-나라지표,광공업부문일반집중도현황내역,1
e-나라지표,교통사범형사사건처리현황내역,1
한국은행,국가별경제성장율내역,1
통계청,국가별외환보유내역,1
e-나라지표,국내조림숲가꾸기현황내역,1
e-나라지표,국민연금재정현황내역,1
e-나라지표,국민해외여행객수내역,1
한국재정정보원,근무자인구 성연령 데이터,1
e-나라지표,기술료수입내역,1
통계청,남녀성비내역,1
e-나라지표,ICT수출입동향,1
brightics,노사분규건수및근로손실일수내역,1
e-나라지표,농가부채자산부채상환능력현황,1
통계청,뇌졸중의사진단경험률추이내역,1
e-나라지표,민간투자사업현황,1
한국재정정보원,방문자인구 성연령 데이터,1
e-나라지표,배출원별TM10S배출량내역,1
e-나라지표,배출원별TPS배출량내역,1
통계청,백화점판매액현황,1
통계청,산업생산기준노동생산성지수내역,1
e-나라지표,상호저축은행고정이하여신비율내역,1
e-나라지표,생활체육지도자양성내역,1
통계청,석유제품가격통계현황,1
e-나라지표,설비투자동향내역,1
e-나라지표,섭취장소별식중독신고내역,1
통계청,성별비임금근로자내역,1
통계청,세대구성및자녀연령별한부모가구내역,1
e-나라지표,소방공무원1인당담당인구수,1
통계청,시군경제활동참가율내역,1
통계청,시군구대학교학생수내역,1
통계청,시군구대학수내역,1
통계청,시군구문화기반시설수내역,1
통계청,시도및성별이동자수내역,1
통계청,시도수입액내역,1
한국고용정보원,시도취업자수내역,1
e-나라지표,시정조치금액및수혜업체수내역,1
통계청,아동학대사례유형내역,1
e-나라지표,양자ODA의지역적배분내역,1
e-나라지표,영아사망추이내역,1
e-나라지표,우리국민의국제기구진출현황내역,1
e-나라지표,유상증자실적내역,1
한국은행,유형별주택전세가격지수내역,1
통계청,유형별준월세가격지수내역,1
통계청,유형별준전세가격지수내역,1
e-나라지표,은행고정이하여신비율,1
e-나라지표,은행대출기업자금조달내역,1
e-나라지표,은행자기자본비율추이,1
e-나라지표,은행총자산이익율내역,1
통계청,의료기기생산내역,1
통계청,인구천명당사설학원수현황,1
서울열린데이터광장,일별서울평균대기오염도내역,1
기획재정부,일일경제내역,1
기획재정부,일일경제상황집계내역,1
통계청,자동차천대당교통사고발생건수현황,1
e-나라지표,자원봉사참여내역,1
e-나라지표,재건축추진현황내역,1
e-나라지표,재외공관규모분포,1
e-나라지표,전국연안수질현황내역,1
통계청,전국항만물동량처리현황내역,1
e-나라지표,전산업생산지수내역,1
통계청,전용면적별사용검사실적월계내역,1
e-나라지표,전체근로자근로일수근로시간내역,1
e-나라지표,정규직과비정규직의시간당임금총액내역,1
e-나라지표,정기간행물등록건수내역,1
한국은행,정보통신산업국민계정주요지표내역,1
통계청,정부장애인고용내역,1
통계청,현재소음진동체감환경현황,1
e-나라지표,주요비철금속국제가격동향,1
e-나라지표,주요사망원인별사망률추이내역,1
한국은행,주택매매가격지수KB내역,1
brightics,주택보급률내역,1
통계청,중요범죄발생및검거현황,1
e-나라지표,지방공기업재무현황내역,1
e-나라지표,지방국세청별세수실적내역,1
지방재정365,지방재정보조사업비중내역,1
지방재정365,지방재정세목별징수율내역,1
지방재정365,지방재정세입예산내역,1
지방재정365,지방재정재원별단체별세입예산,1
통계청,지역별수입현황,1
e-나라지표,창업기업동향,1
e-나라지표,철강분야가격동향내역,1
통계청,청소년수련시설설치현황내역,1
통계청,청소년인구및구성비내역,1
e-나라지표,출입국관리법위반자처리현황,1
e-나라지표,통화량추이,1
e-나라지표,특허등출원등록건수현황내역,1
e-나라지표,평생학습참여율내역,1
통계청,학력연령계층임금계층성별근로자수및근로시간내역,1
e-나라지표,항고재항고접수처리현황내역,1
통계청,항공여객수송(국내국제),1
e-나라지표,항만국통제점검률내역,1
e-나라지표,행정부소속재산등록의무자현황,1
e-나라지표,행정소송사건수내역,1
e-나라지표,남녀취업자의주당평균노동시간내역,1
