분야 및 연도,1990,1991,1992,1993,1994,1995,1996,1997,1998,1999,2000,2001,2002,2003,2004,2005,2006,2007,2008,2009,2010,2011,2012,2013,2014,2015,2016,2017,2018,2019,2020,2021,2022,2023
총배출량(kt CO2-eq),310565.51,341226.26,368799.41,403692.61,432772.12,464442.2,501209.44,526093.71,459853.43,500237.77,533628.8,550959.72,570762.33,584500.48,595731.88,597794.97,606972.7,613596.49,629004.49,632871.18,689956.6,720605.62,719081.11,727481.76,722649.46,725053.11,735559.69,756270.39,780140.33,757150.53,709472.66,739507.44,722032.63,707199.78
순배출량,271459.59,306083.96,334510.09,370978.63,397705.23,431129.83,464486.19,484371.9,409757.66,441937.31,473190.21,490195.24,512354.22,526383.98,536258.58,540275.48,548271.05,554190.13,568670.95,572758.29,632550.31,664027.63,668485.15,681191.98,675487.13,677270.78,687326.63,713405.1,738561.86,718483.38,670622.79,700612.71,684147.15,667766.58
에너지,234518,257373.99,273799.57,300406.06,323220.73,348030.47,381603.37,398442.5,339897.49,372633.09,402481.97,415271.67,432293.24,442331.2,451670.47,451618.38,458784.58,477386.7,489950.72,498516.53,549748.52,582446.79,577725.4,572494.22,563930.76,564439.95,575763.34,590773.13,613672.85,590489.02,547485.07,570498.72,555630.65,544988.3
A 연료연소,223523.85,246909.94,264283.62,291685.45,315438.69,341032.8,375034.97,392216.4,333921.05,366825.1,396773.91,409714.34,427080.17,437191.62,446637.4,446705.23,453966.11,472618.58,485258.67,493964.16,545339.71,578057.97,573325.78,568278.17,559859.57,560457.81,571819.46,587007.3,609984.87,586935.42,544027.04,567078.28,552228.86,541746.31
A 연료연소_1 에너지산업,42004.07,49945.73,59044.99,67233.27,81318.26,91952.43,110080.09,120575.53,107952.39,117741.03,136316.46,147140.06,155879.48,159850.25,172483.41,178358.59,187144.22,199499.84,212443.14,230654.69,254619.18,264989.86,269449.65,276099.31,263946.83,262304.42,263880.35,273961.83,297732.94,279023.23,246767.98,259488.54,257606.74,248155.39
A 연료연소_a 공공 전기 및 열 생산,37174.66,43773.82,51282.99,58099.59,71719.31,79555.15,96643.67,104573.97,92499.17,101887.04,120792.07,131947.47,141601.16,145691.46,157379.12,163352.44,172206,184497.95,196168.26,214881.77,239940.44,248766.75,253153.13,260234.49,244674.75,244472.5,244805.76,255502.79,276618.81,257496.35,226927.63,239618.78,237858.08,226959.86
A 연료연소_b 석유정제,4193.73,4978.8,6097.8,6793.37,7046.1,9291.77,10525.31,13160.26,13398.1,13874.42,13703.57,13829.95,13813.63,13373.72,13357.84,13884.69,13993.06,14232.55,15603.12,15174.71,14000.68,15338.7,15179.08,14770.47,18515.18,17163.37,18410.79,17274.32,20289.29,20652.64,19169.55,18895.43,18424.27,19605.15
A 연료연소_c 고체연료 제조 및 기타 에너지 산업,635.68,1193.1,1664.21,2340.31,2552.86,3105.51,2911.11,2841.3,2055.12,1979.56,1820.83,1362.65,464.68,785.07,1746.45,1121.45,945.16,769.34,671.76,598.21,678.07,884.41,1117.44,1094.35,756.91,668.55,663.79,1184.71,824.84,874.24,670.81,974.33,1324.39,1590.37
A 연료연소_2 제조업 및 건설업_2 제조업 및 건설업,72192.46,85308.09,88858.87,102976.11,102913.14,104631.92,111746.74,111342.43,101118.62,108883.09,115570.12,115709.32,119247.66,124429.71,125217.51,116429.88,118787.26,124474.24,128280.33,119181.66,142095.69,166247.37,157206.51,144592.49,154221.4,149798.62,153150.4,157393.95,157209.46,153168.59,149122.69,157030.57,144491.64,147240.38
A 연료연소_a 철강,27836.42,35194.6,37227.61,41710.92,41368.27,43002.19,43537.76,41604.11,42532.85,44989.33,46669.24,46884.6,49218.04,50246.29,52845.1,47058.13,49564.37,55302.75,58766.58,50965.18,68610.92,86626.03,84838.14,72196.97,84361.31,79283.24,78069,81711.4,83663.2,82675.49,79620.51,83001.73,73801.95,74997.26
A 연료연소_b 비철금속,549.89,545.99,404.44,417.25,946.4,1021.49,967.16,791.1,784.86,872.17,1174.28,1106.96,1142.38,1358.9,1343.23,1247.29,1275.46,1797.68,2016.18,2666.87,2217.69,2561.11,2266.46,2410.38,2409.96,2704.04,2669.84,2647.94,2927.06,2872.67,3204.08,3765.62,3490.47,3775.43
A 연료연소_c 화학,8582.52,10314.7,10445.31,11397.26,12112.3,11463.12,13349.64,16928.34,13592.51,14692.81,15285.35,15298.75,15141.29,17706.17,18604.02,17312.96,17035.48,17786.79,17503.02,18102.62,20119.06,21948.07,19429.04,20154.96,20017.31,18927.17,20861.58,22411.34,23795.11,22328.71,23676.38,25985.4,23239.47,24925.76
"A 연료연소_d 펄프, 제지 및 인쇄",2883.88,2889.21,3321.24,3489.33,4046.49,4143.14,4491.65,4507.43,3834.53,4210.13,3860.91,3551.24,3644.33,3658.19,3532.53,3166.11,2844.27,2577.01,2210.66,1993.85,1879.26,1580.53,1264.48,1171.18,969.1,883.93,2194.92,2281.55,2291.56,2439.02,2378.12,2372.03,2673.32,2750.24
A 연료연소_e 식음료품 가공 및 담배 제조,3313.55,3373.75,3715.17,4115.78,4119.69,4393.86,4434.54,4080.89,3426.78,3163.36,3149.77,2899.15,2936.54,2856.85,2819.23,2795.95,2542.5,2549.68,2184.73,2204.71,2320.13,2202.21,2111.68,1931.37,1882.92,1915.74,2194.37,2089.2,2170.33,1928.1,2045.76,2111.82,2218.73,2065.05
A 연료연소_f 비금속광물,"NO, NE",16152.57,17780.34,20863.3,22070.53,22199.14,19361.93,21252.67,15772.98,16438.05,18587.46,18880.78,18704.79,20017.96,18590.88,17268.05,17513.77,17394.66,18415.76,16228.2,17058.61,17958.37,16790.75,17318.97,17443.49,17148.62,16423.78,14857.57,13684.83,14905.33,13513.81,14101.38,14600.72,15432.97
A 연료연소_g 기타,15070.59,16837.26,15964.76,20982.27,18249.45,18408.98,25604.04,22177.89,21174.11,24517.24,26843.12,27087.85,28460.3,28585.35,27482.53,27581.39,28011.4,27065.67,27183.4,27020.23,29890.02,33371.05,30505.96,29408.66,27137.32,28935.88,30736.9,31394.95,28677.37,26019.27,24684.02,25692.6,24466.96,23293.66
A 연료연소_2 제조업 및 건설업_g 기타_1 수송장비제조,2008.81,2280.91,2527.7,4166.95,3021.51,3275.05,3846.69,3992.44,3256.12,3877,3228.59,3124.14,3237.44,3175.05,3378.14,3511.28,3385.26,2127.78,2529.62,2284.66,2462.15,2629.15,2476.53,2243.8,2858.99,2410.44,2868.44,3831.36,3490.63,4057.22,3960.74,4092.93,4236.12,4801.41
A 연료연소_2 제조업 및 건설업_g 기타_2 기계 제조,757.85,870.43,854.4,914.73,986.29,1056.23,1121.38,1701.32,2619.22,3187.72,2937.63,2547.73,2510.95,1959.52,1240.92,551.53,411.94,1972.4,2086.24,1790.81,2076.81,2627.23,2806.4,3026.67,2446.43,2330.48,3674.18,3468.44,2446.9,2215.42,2190.31,2254.91,2240.42,2362.19
A 연료연소_2 제조업 및 건설업_g 기타_3 광업,439.34,348.46,334.95,227.86,230.81,217.26,195.51,156.93,124.1,114.21,151.85,159.46,164.64,197.25,167.87,197.22,194.82,164.84,146.54,156.73,194.62,183.37,172.26,185.62,148.04,136.74,142.05,124.57,122.14,120.91,136.57,132.43,123.84,165.6
A 연료연소_2 제조업 및 건설업_g 기타_4 목재 및 목제품,220.96,241.44,237.07,105.21,340.96,272.76,290.34,291.15,212.74,262.3,262.35,243.37,260.82,226.32,275.21,178.23,156.95,193.06,187.02,231.8,221.15,190.19,172.49,169.69,204.26,208.54,139.56,138.79,164.19,121.84,145.25,132.47,139.58,93.51
A 연료연소_2 제조업 및 건설업_g 기타_5 건설업,1657.34,1558.23,1377.65,1630.94,1273.16,1229.36,1226.36,1392.64,1031.65,1069.93,1414.53,1332.98,1580.94,1657.82,1778.79,1952.59,2683.71,2402.94,2345.91,2349.68,2537.5,2577.2,2266.23,2201.01,2355.98,2611.02,2686.21,2261.24,2218.11,2183.41,2139.04,2034.92,1966.81,1813.02
A 연료연소_2 제조업 및 건설업_g 기타_6 섬유 및 가죽,6204.42,6100.4,6141.79,6378.09,6947.74,6754.15,7329.81,8952.27,9620.96,10537.17,10563.65,10233.18,9744.06,8992.13,9473.97,8655,7852.32,7572.39,7448.38,7008.48,6858.21,6612.95,6003.85,5347.9,5674.97,4997.81,4964.9,5350.16,4960.93,4608.76,4146.23,4368.2,4233.46,4524.77
A 연료연소_2 제조업 및 건설업_g 기타_7 기타,3781.86,5437.39,4491.21,7558.49,5448.98,5604.17,11593.95,5691.14,4309.31,5468.92,8284.51,9446.99,10961.44,12377.26,11167.65,12535.54,13326.4,12632.27,12439.69,13198.05,15539.59,18550.96,16608.2,16233.97,13448.64,16240.84,16261.56,16220.38,15274.47,12711.71,11965.89,12676.75,11526.73,9533.15
A 연료연소_3 수송,36502.47,39711.16,45236.27,57141.62,59250.79,66628.55,70864.9,76484.45,59289.86,64437.13,71921.06,75128.3,80215.27,83055.39,83179.32,84021.11,84726.96,86993.7,84549.78,85220,86733.74,86441.44,87800.97,89745.58,90009.32,95476.83,99971.96,99452.24,98882.39,101864.86,96913.42,99611.08,98625.99,97825.94
A 연료연소_3 수송_a 국내항공,865.5,942.32,1093.7,1234.77,1265.96,1395.34,1448.51,1663.09,1416.38,1364.43,1479.39,1365.47,1409.42,1446.73,1197.31,1085.65,1016.82,998.97,1041.52,1147.93,1210.22,1279.54,1289.51,1394.13,1507,1552.57,1766.58,1766.73,1712.79,1761.42,1674.85,1969.67,1867.75,1771.69
A 연료연소_3 수송_b 도로수송,31718.29,36393.88,41628.01,50186.8,52875.69,60198.89,65985.03,70762.51,54138.58,59661.03,66270.17,69361.12,74408.01,77046.41,77768.73,78872.63,79819.77,82263.35,79755.92,80571.03,82207.5,81875.6,83352.97,85984.52,86571.62,91226.73,95630.92,95191.75,95307.32,98152.57,93823.97,96011.45,95093.35,94414.14
A 연료연소_3 수송_c 철도,973.86,990.8,1007.67,1086.68,1031.27,1042.23,1030.27,1026.07,1010.38,1051.41,1077.35,1088.04,1087.84,1112.27,951.2,897.87,818.18,733.59,722.61,636.94,618.13,562.32,564.3,498.05,416.77,379.63,332.11,321.25,319.74,303.78,267.85,238.25,199.83,182.56
A 연료연소_3 수송_d 국내해운,2480.75,1051.3,1156.12,4387.45,3735.87,3690.43,1993.47,2624.59,2240.01,2091.94,2794.52,2538.22,2948.37,3069.57,2924.32,2820.09,2723.65,2626.97,2664.41,2464.47,2304.94,2298.77,2179.54,1431.35,1026.03,1665.93,1429.36,1360.12,1037.86,1236.78,1010.17,1298.94,1395.41,1383.41
A 연료연소_3 수송_e 기타수송,464.07,332.85,350.78,245.92,342,301.66,407.62,408.19,484.51,268.33,299.64,775.46,361.63,380.41,337.77,344.87,348.54,370.83,365.32,399.63,392.96,425.21,414.65,437.53,487.91,651.96,812.98,812.4,504.68,410.32,136.58,92.77,69.65,74.15
A 연료연소_4 기타,72641.46,67240.69,68171.38,61153.4,69088.81,74978.48,79242.5,80862.64,62879.56,73011.16,70539.73,68595.26,68878.46,66509.31,62583.45,64642.36,60435.58,58722.12,57364.62,56009.44,58921.21,57476.96,55917.91,54835.53,48797.49,49753.55,51717.64,52976.74,53012.02,49906.35,48285.1,47998.54,48458.25,45502.68
A 연료연소_4 기타_a 상업/공공,26806.65,27593.5,32247.17,27715.59,39441.48,44589.14,47447.51,48877.29,35481.91,38300.36,30135.35,25549.21,25092.14,25002.31,23005.28,21123.76,18569.49,19841.55,18858.95,18226.04,18898.71,18668,18336.05,17892.81,16040.6,17860.64,18539.12,19059.39,18099.98,16304.82,13732.79,13643.76,13945.69,13988.28
A 연료연소_4 기타_b 가정,39882.66,33873.39,29477.44,25564.72,21342.35,21573.25,21934.34,21109.48,17655.3,24193.28,29358.14,30588.16,31541.37,30829.88,30034.57,34171.74,32838.89,30231.17,30948.17,30123.12,32161.03,31442.17,30292.94,29501.76,26984.16,26807.23,28711.17,29586.43,30804.31,29450.53,29935.95,30245.41,30745.9,27843.36
A 연료연소_4 기타_c 농업/임업/어업,5952.16,5773.8,6446.77,7873.09,8304.98,8816.1,9860.65,10875.87,9742.35,10517.52,11046.24,12457.89,12244.94,10677.12,9543.6,9346.86,9027.2,8649.4,7557.5,7660.28,7861.46,7366.79,7288.92,7440.96,5772.73,5085.68,4467.35,4330.92,4107.73,4151.01,4616.36,4109.37,3766.66,3671.04
A 연료연소_4 기타_c 농업/임업/어업_농업/임업,3319.15,3137.62,3547.14,4647.21,4445.95,4690.74,5658.9,6445.88,5711.85,6954.73,7235.34,8242.05,8071.87,6636.2,5773.9,5933,5620.41,5359.58,5000.73,4794.71,5056.4,4829.91,4807.46,4790.57,3331.28,2325.21,1532.55,1520.9,1529.28,1256.99,1568.58,1533.97,1425.15,1311.25
A 연료연소_4 기타_c 농업/임업/어업_3 어업,2633.01,2636.18,2899.63,3225.88,3859.03,4125.36,4201.75,4429.99,4030.5,3562.79,3810.9,4215.84,4173.07,4040.92,3769.7,3413.86,3406.79,3289.83,2556.77,2865.58,2805.06,2536.87,2481.46,2650.39,2441.45,2760.47,2934.81,2810.02,2578.46,2894.02,3047.78,2575.41,2341.51,2359.78
A 연료연소_5 미분류,183.39,4704.28,2972.12,3181.06,2867.69,2841.42,3100.73,2951.35,2680.62,2752.69,2426.53,3141.4,2859.3,3346.96,3173.71,3253.29,2872.08,2928.68,2620.81,2898.37,2969.89,2902.34,2950.74,3005.26,2884.52,3124.39,3099.12,3222.54,3148.07,2972.39,2937.84,2949.55,3046.24,3021.92
B 탈루,10994.14,10464.04,9515.95,8720.62,7782.03,6997.67,6568.4,6226.1,5976.44,5807.99,5708.06,5557.32,5213.07,5139.59,5033.07,4913.15,4818.47,4768.12,4692.05,4552.37,4408.81,4388.83,4399.62,4216.05,4071.19,3982.14,3943.88,3765.82,3687.98,3553.59,3458.04,3420.45,3401.79,3241.99
B 탈루_1 고체연료,10931.46,10379.04,9402.4,8576.76,7612.04,6781.81,6293.76,5884.57,5624.36,5384.06,5215.09,5034.14,4661.41,4560.13,4413.34,4208.43,4117.14,4055.57,3950.54,3793.65,3551.88,3492.78,3438.17,3269.74,3195.52,3154.39,3092.18,2844.07,2704.24,2620.6,2563.04,2483.64,2426.37,2334.02
B 탈루_2 석유 및 천연가스,62.68,85,113.55,143.85,169.99,215.86,274.64,341.53,352.09,423.93,492.96,523.18,551.66,579.45,619.73,704.72,701.33,712.55,741.51,758.71,856.93,896.05,961.44,946.31,875.67,827.75,851.7,921.76,983.74,932.99,895,936.8,975.42,907.96
B 탈루_2 석유 및 천연가스_a 석유,37.72,48.26,61.64,67.72,68.55,76.33,87.29,105.68,99.9,105.83,108.14,104.2,95.48,95.44,100.17,103.07,106.68,106.68,104.87,101.5,105.69,112.07,114.65,110.33,111.49,123.24,130.05,135.33,134.28,129.13,118.78,116.45,124.45,121.94
B 탈루_2 석유 및 천연가스_b 천연가스,23.06,34.71,49.36,72.42,96.46,133.82,179.8,226.42,243.58,307.81,372.09,406.26,440.84,468.36,492.64,556.17,551.23,566.28,602.99,609.83,697.26,731.02,793.4,779.62,717.71,666.78,684.46,738.26,798.84,756.34,732.34,778.98,812.5,749.26
B 탈루_2 석유 및 천연가스_c 탈기 및 소각,1.91,2.04,2.55,3.71,4.98,5.71,7.54,9.42,8.61,10.29,12.73,12.72,15.35,15.65,26.92,45.48,43.42,39.59,33.64,47.38,53.98,52.96,53.39,56.36,46.48,37.73,37.19,48.17,50.62,47.52,43.88,41.38,38.47,36.76
C 이산화탄소 수송 및 저장,NO,NO,NO,NO,NO,NO,NO,NO,NO,NO,NO,NO,NO,NO,NO,NO,NO,NO,NO,NO,NO,NO,NO,NO,NO,NO,NO,NO,NO,NO,NO,NO,NO,NO
산업공정 및 제품사용,37807.9,44189.01,53485.52,60386.21,64306.27,69678.03,72705.26,80045.05,73227.36,80387.8,83147.38,86873.32,90285.69,94265.38,97830.3,99972.96,102018.64,91430.34,94984.31,89943.4,95978.33,94679.59,97606.27,111451.71,115616.73,117391.45,116784.47,121855.52,123823.34,124841.44,120620.6,127791.72,125497.77,121502.15
A 광물산업,16386.71,19523.83,21749.27,25352.7,27687.12,29093.2,29305.51,30433.51,23929.33,24996.35,26101.3,27071.25,28485.06,29471.32,27768.27,25097.93,24905.72,28165.27,28819.51,28089.12,28334.52,29172.79,29364.92,29451.7,29893.4,30550.15,32196.9,31963.44,30453.92,30539.66,27967.39,29005.86,28421.13,28027.05
A 광물산업_1 시멘트생산,15870.87,18960.06,21126.45,24697.88,26837.24,28101.72,28305.66,29317.11,22876.59,23716.89,24753.54,25662.76,27104.25,27917.99,26121.25,23323.54,23137.27,26272.63,26077.02,24550.65,24294.28,24717.81,24845.98,25047.57,25409.1,25776.03,26669.1,26347.96,24699.53,24927.31,22700.5,23516.13,23227.36,22737.36
A 광물산업_2 석회생산,256.81,297.3,321.7,356.06,509.39,637.75,635.09,750.25,762.23,815.95,803.6,787.75,758.82,893.5,932.56,1033.49,1028.29,1019.56,1856.6,2607.18,2970.56,3314.36,3365.5,3242.23,3287.57,3415.22,4109,4153.96,4303.18,4335.6,3978.67,4215.7,3961.71,4110.23
A 광물산업_3 유리생산,57.38,76.7,86.16,94.52,99.29,100.64,111.64,123.14,89.05,91.46,109.67,121.58,113.6,128.02,131.28,129.47,138.97,136.47,143.62,115.58,223.63,240.88,197.29,211.04,212.71,226.74,254.02,248.76,302.59,272.43,253.47,255.49,260.47,260.71
A 광물산업_4 탄산염의 기타 공정 사용,201.64,189.77,214.96,204.25,241.2,253.08,253.12,243,201.46,372.06,434.49,499.16,508.39,531.81,583.18,611.43,601.18,736.6,742.27,815.71,846.06,899.74,956.16,950.86,984.02,1132.15,1164.78,1212.76,1148.62,1004.33,1034.75,1018.54,971.58,918.75
B 화학산업,7830.91,9711.32,16139.16,17545.68,19102.3,20607.87,22054.96,26075.29,26974.57,30194.55,30139.26,32379.99,34052.13,35506.36,38555.05,38891.84,39472.02,27274.37,26075.5,24762.16,25185,25662.39,27218.07,26490.12,27383.4,27992.54,30509.07,31402.35,31588.18,30892.66,29310.86,33361.49,30996.12,28495.57
B 화학산업_1 암모니아 생산,"NA, IE","NA, IE","NA, IE","NA, IE","NA, IE","NA, IE","NA, IE","NA, IE","NA, IE","NA, IE","NA, IE","NA, IE","NA, IE","NA, IE","NA, IE","NA, IE","NA, IE","NA, IE","NA, IE","NA, IE","NA, IE","NA, IE","NA, IE","NA, IE","NA, IE","NA, IE","NA, IE","NA, IE","NA, IE","NA, IE","NA, IE","NA, IE","NA, IE","NA, IE"
B 화학산업_2 질산 생산,219.29,270.85,352.77,438.3,493.48,599.99,673.29,777.58,861.48,879.28,1064.25,1021.54,1087.62,1370.72,1411.46,1485.43,1648.19,463.63,168.3,142.53,160.27,187.59,332.51,204.04,242.71,229.55,305.08,301.93,291.52,374.08,276.2,189.7,96.3,100.88
B 화학산업_3 아디브산 생산,"NO,IE","NO,IE","NO,IE","NO,IE","NO,IE","NO,IE","NO,IE","NO,IE","NO,IE","NO,IE","NO,IE","NO,IE","NO,IE","NO,IE","NO,IE","NO,IE","NO,IE","NO,IE","NO,IE","NO,IE","NO,IE","NO,IE","NO,IE","NO,IE","NO,IE","NO,IE","NO,IE","NO,IE","NO,IE","NO,IE","NO,IE","NO,IE","NO,IE","NO,IE"
"B 화학산업_4 카프로락탐, 글리옥살, 글리옥실산 생산","NO,IE","NO,IE","NO,IE","NO,IE","NO,IE","NO,IE","NO,IE","NO,IE","NO,IE","NO,IE","NO,IE","NO,IE","NO,IE","NO,IE","NO,IE","NO,IE","NO,IE","NO,IE","NO,IE","NO,IE","NO,IE","NO,IE","NO,IE","NO,IE","NO,IE","NO,IE","NO,IE","NO,IE","NO,IE","NO,IE","NO,IE","NO,IE","NO,IE","NO,IE"
B 화학산업_5 카바이드 생산,"NO,IE","NO,IE","NO,IE","NO,IE","NO,IE","NO,IE","NO,IE","NO,IE","NO,IE","NO,IE","NO,IE","NO,IE","NO,IE","NO,IE","NO,IE","NO,IE","NO,IE","NO,IE","NO,IE","NO,IE","NO,IE","NO,IE","NO,IE","NO,IE","NO,IE","NO,IE","NO,IE","NO,IE","NO,IE","NO,IE","NO,IE","NO,IE","NO,IE","NO,IE"
B 화학산업_6 이산화티타늄 생산,NO,NO,NO,NO,NO,NO,NO,NO,NO,NO,NO,NO,NO,NO,NO,NO,NO,NO,NO,NO,NO,NO,NO,NO,NO,NO,NO,NO,NO,NO,NO,NO,NO,NO
B 화학산업_7 소다회 생산,NO,NO,NO,NO,NO,NO,NO,NO,NO,NO,NO,NO,NO,NO,NO,NO,NO,NO,NO,NO,NO,NO,NO,NO,NO,NO,NO,NO,NO,NO,NO,NO,NO,NO
B 화학산업_8 석유화학제품 및 카본블랙 생산,5314.24,7176.35,10612.25,11863.71,12549.41,13127.34,13968.43,17145.27,18907.67,19537.72,19410.88,24109.41,24985.53,25747.64,26694.47,28372.69,29876.3,25220.76,24637.68,23349.58,23730.87,24897.21,26389.26,25800.89,26688.56,27426.62,29751.67,30908.81,31082.15,30306.08,28838.89,32951.39,30700.8,28268.92
B 화학산업_9 불소화합물 생산,1041.6,846.67,1983.01,2232,2402.62,2765.7,3030.56,3450.18,2059.39,3859.38,3429.84,590.24,2112.96,0.05,0.02,0.06,0.11,0.12,12.04,24.98,29.38,58.07,82.23,91.66,93.14,94.9,92.76,87.82,88.15,80.29,90.9,96.04,94.51,55.04
B 화학산업_10 기타,1255.78,1417.46,3191.14,3011.67,3656.79,4114.84,4382.68,4702.27,5146.03,5918.17,6234.29,6658.8,5866.02,8387.96,10449.09,9033.67,7947.43,1589.87,1257.48,1245.07,1264.48,519.52,414.07,393.53,358.99,241.47,359.55,103.79,126.37,132.21,104.87,124.36,104.52,70.72
C 금속산업,13065.28,14268.57,14869.87,16695.67,16299.28,17494.66,18758.51,18163.94,17416.13,17322.98,18497.93,19023.5,18604.88,18923.91,19500.74,23182.06,23500.55,20297.11,22636.03,19241.54,21393.04,18959.69,18105.21,29786.35,29183.58,31240.76,26245.3,27079.04,26564.17,25829.53,23349.72,22424.98,23039.15,23764.98
C 금속산업_1 철강생산,13041.22,14268.54,14868.81,16695.57,16296.95,17488.62,18750.33,18153.48,17404.74,17305.59,18480.56,19007.17,18581.26,18901.32,19475.27,23102.63,23326.35,20055.63,22416.74,19052.74,21157.46,18691.13,17796.32,29375.25,28878.76,30973.22,25980.62,26824.42,26328.23,25582.15,23101.6,22202.4,22773.51,23518.84
C 금속산업_2 합금철 생산,"NO, IE","NO, IE","NO, IE","NO, IE","NO, IE","NO, IE","NO, IE","NO, IE","NO, IE","NO, IE","NO, IE","NO, IE","NO, IE","NO, IE","NO, IE","NO, IE","NO, IE",11.21,6.4,12.82,15.68,18.48,18.88,16.16,8.73,7.74,2.8,1.58,0.91,0.8,0.77,1.92,1.91,0.48
C 금속산업_3 알루미늄 생산,23.26,NO,NO,NO,NO,NO,NO,NO,NO,NO,NO,NO,NO,NO,NO,NO,NO,NO,NO,NO,NO,NO,NO,NO,NO,NO,NO,NO,NO,NO,NO,NO,NO,NO
C 금속산업_4 마그네슘 생산,0.8,0.02,1.06,0.09,2.33,6.04,8.18,10.46,11.4,17.39,17.37,16.33,23.62,22.58,25.47,79.43,174.21,173.22,152.3,112.33,148.19,189.43,217.61,317.11,216.67,188.82,179.33,169.58,150.67,170.2,166.21,145.55,204.99,184.68
C 금속산업_5 납 생산,IE,IE,IE,IE,IE,IE,IE,IE,IE,IE,IE,IE,IE,IE,IE,IE,IE,IE,IE,IE,IE,IE,IE,IE,IE,IE,IE,IE,IE,IE,IE,IE,IE,IE
C 금속산업_6 아연 생산,IE,IE,IE,IE,IE,IE,IE,IE,IE,IE,IE,IE,IE,IE,IE,IE,IE,IE,IE,IE,IE,IE,IE,IE,IE,IE,IE,IE,IE,IE,IE,IE,IE,IE
C 금속산업_7 기타,"NO, NE","NO, NE","NO, NE","NO, NE","NO, NE","NO, NE","NO, NE","NO, NE","NO, NE","NO, NE","NO, NE","NO, NE","NO, NE","NO, NE","NO, NE","NO, NE","NO, NE",57.05,60.59,63.66,71.71,60.64,72.4,77.84,79.41,70.98,82.55,83.47,84.37,76.38,81.14,75.11,58.74,60.99
D 비에너지 연료 및 용매 사용,356.72,360.47,388.23,409.07,446.59,482.95,530.05,529.87,408.71,485.68,510.55,485.64,486.15,523.2,536.06,535.07,520.46,522.49,517.63,470.01,545.53,544.59,556.58,573.36,583.02,606.57,605.54,620.59,599.05,569.54,548.75,573.38,613.45,639.58
D 비에너지 연료 및 용매 사용_1 윤활유 사용,356.72,360.47,388.23,409.07,446.59,482.95,530.05,522.39,403.3,479.55,504.97,479.35,479.37,515.49,526.2,526.8,511.38,510.8,507.84,460.88,534.96,535.53,547.59,563.62,573.14,597.27,594.97,609.74,589.59,556.9,536.73,558.32,598.78,624.61
D 비에너지 연료 및 용매 사용_2 파라핀 왁스 사용,NO,NO,NO,NO,NO,NO,NO,7.47,5.41,6.13,5.58,6.29,6.78,7.71,9.86,8.27,9.08,11.69,9.79,9.12,10.57,9.06,8.99,9.74,9.88,9.29,10.57,10.85,9.46,12.65,12.02,15.06,14.67,14.98
D 비에너지 연료 및 용매 사용_3 기타,NA,NA,NA,NA,NA,NA,NA,NA,NA,NA,NA,NA,NA,NA,NA,NA,NA,NA,NA,NA,NA,NA,NA,NA,NA,NA,NA,NA,NA,NA,NA,NA,NA,NA
E 전자 산업,"NO, NA","NO, NA","NO, NA","NO, NA","NO, NA","NO, NA","NO, NA",2225.66,2138.03,2745.21,3256.87,3002.8,3062.82,3620.93,4576.77,5053.11,5911.93,6868.07,7423.99,7754.5,8841.78,8591.1,9000.64,9681.93,10716.19,8225.8,5744.05,7324.23,8672.99,7922.95,8601.75,8805.07,6843.01,3624.38
F 오존층파괴물질의 대체물질 사용,"NO, IE","NO, IE",1.57,4.29,238.76,572.94,925,1356.25,1584.37,1995.88,2464.71,2878.24,3432.24,3870.35,4252.41,4583.64,4781.4,5133.35,5776.63,6114.66,7385.1,8740.69,10187.54,12185.32,14184.19,15899.14,17972.63,20210.23,23132.3,24721.09,27207.95,29450.49,32331.66,33412.75
F 오존층파괴물질의 대체물질 사용_1 냉장 및 냉방,"NO, IE","NO, IE",0.54,1.46,236.83,572.54,924.53,1355.39,1583.53,1994.55,2458.19,2870.12,3420.52,3853.55,4240.98,4575.67,4771.06,5121.21,5767.59,6106.81,7353.89,8699.44,10113.25,11942.98,13610.4,15029,16774.26,18713.09,21399.43,22881.88,24891.43,26824.77,29343.21,29713.8
F 오존층파괴물질의 대체물질 사용_2 발포제,"NO, IE","NO, IE",0.08,0.17,0.07,0.07,0.07,0.09,0.08,0.14,0.49,0.41,0.92,1.08,0.87,1.03,1.22,1.38,1.21,1.21,1.27,1.2,1.31,15.25,138.59,191.19,370.22,503.52,621.93,576.79,798.63,888.87,1112.94,1552.37
F 오존층파괴물질의 대체물질 사용_3 소화기,NO,NO,NO,NO,NO,NO,NO,NO,NO,NO,NO,NO,NO,NO,NO,NO,NO,NO,0.16,3.12,26.41,36.84,70.16,223.74,416.28,624.28,786.13,982.72,1104.03,1261.84,1504.69,1709.18,1846.93,2125.56
F 오존층파괴물질의 대체물질 사용_4 에어로졸,"NO, IE","NO, IE",0.94,2.66,1.86,0.33,0.4,0.77,0.77,1.2,6.03,7.71,10.8,15.72,10.56,6.95,9.12,10.77,7.66,3.51,3.52,2.95,1.56,1.36,14.51,47.71,34.55,1.16,1.09,0.57,7.3,16.73,17.34,7.91
F 오존층파괴물질의 대체물질 사용_5 용매,NO,NO,NO,NO,NO,NO,NO,NO,NO,NO,NO,NO,NO,NO,NO,NO,NO,NO,NO,NO,NO,0.25,1.26,1.99,4.41,6.96,7.47,9.75,5.81,NO,5.9,10.94,11.23,13.11
F 오존층파괴물질의 대체물질 사용_6 기타 오존층파괴물질의 대체물질 사용,NO,NO,NO,NO,NO,NO,NO,NO,NO,NO,NO,NO,NO,NO,NO,NO,NO,NO,NO,NO,NO,NO,NO,NO,NO,NO,NO,NO,NO,NO,NO,NO,NO,NO
G 기타 제품제조 및 소비,168.27,324.82,337.41,378.81,532.23,1426.41,1131.22,1260.53,776.22,2647.13,2176.76,2031.9,2162.4,2349.32,2640.99,2629.29,2926.56,3169.68,3735.02,3511.41,4293.35,3008.35,3173.31,3282.93,3672.95,2876.5,3510.99,3255.63,2812.74,4366.01,3634.18,4170.45,3253.26,3537.83
G 기타 제품제조 및 소비_1 중전기기,168.27,324.82,337.41,378.81,532.23,1426.41,1131.22,1260.53,776.22,2647.13,2176.76,2031.9,2162.4,2349.32,2562.21,2483.92,2775.39,3000.4,3562.57,3328.95,4094.84,2805.9,2945.9,3036.49,3464.95,2715.32,3371.49,3123.81,2680.37,4229.71,3507.08,4074.72,3149.57,3385.52
G 기타 제품제조 및 소비_2 기타 제품사용의 육불화황 및 과불화탄소,NO,NO,NO,NO,NO,NO,NO,NO,NO,NO,NO,NO,NO,NO,NO,NO,NO,NO,NO,NO,NO,NO,NO,NO,NO,NO,NO,NO,NO,NO,NO,NO,NO,NO
G 기타 제품제조 및 소비_3 제품사용의 N2O,"NO, NE","NO, NE","NO, NE","NO, NE","NO, NE","NO, NE","NO, NE","NO, NE","NO, NE","NO, NE","NO, NE","NO, NE","NO, NE","NO, NE",78.78,145.37,151.17,169.28,172.46,182.46,198.51,202.45,227.41,246.43,208,161.17,139.5,131.82,132.36,136.3,127.1,95.73,103.69,152.3
H 기타,NO,NO,NO,NO,NO,NO,NO,NO,NO,NO,NO,NO,NO,NO,NO,NO,NO,NO,NO,NO,NO,NO,NO,NO,NO,NO,NO,NO,NO,NO,NO,NO,NO,NO
H 기타_1 펄프 및 종이,NO,NO,NO,NO,NO,NO,NO,NO,NO,NO,NO,NO,NO,NO,NO,NO,NO,NO,NO,NO,NO,NO,NO,NO,NO,NO,NO,NO,NO,NO,NO,NO,NO,NO
H 기타_2 식품 및 음료,NO,NO,NO,NO,NO,NO,NO,NO,NO,NO,NO,NO,NO,NO,NO,NO,NO,NO,NO,NO,NO,NO,NO,NO,NO,NO,NO,NO,NO,NO,NO,NO,NO,NO
H 기타_3 기타,NO,NO,NO,NO,NO,NO,NO,NO,NO,NO,NO,NO,NO,NO,NO,NO,NO,NO,NO,NO,NO,NO,NO,NO,NO,NO,NO,NO,NO,NO,NO,NO,NO,NO
농업,24800.27,24841.17,25135.06,25466.07,25681.81,25777.45,26125.61,26077.53,26031.82,25038.38,24609.4,24202.13,24052.73,23800.4,23723.81,23554.44,23555.35,23796.4,23771.69,24167.06,24519.01,23298.94,23894.87,23751.61,23873.26,23469.44,23383.05,23490.75,23307.54,23072.77,22905.64,22903.94,22782.46,22537.34
A 장내발효,3727.75,3960.56,4282.79,4759.76,5040.46,5265.81,5677.54,5725.22,5525.6,4779.29,4318.41,4007.05,3929.82,3928.32,4110.03,4235.4,4456.11,4686.77,4965.38,5229.32,5618.12,5628.92,5846.17,5846.63,6069.67,5798.63,5756.19,5857.44,5937.85,6085.7,6286.29,6517.49,6701.04,6738.79
A 장내발효_1 소,3538.66,3741.35,4027.18,4475.7,4734.91,4934.49,5328.3,5359.15,5140.4,4397.39,3923.54,3604.54,3518.33,3508.63,3694.39,3820.87,4037.93,4275.41,4588.77,4861.35,5245.01,5320.37,5492.54,5487.21,5717.77,5444.62,5391.8,5463.21,5530.19,5670.53,5871.88,6108.51,6301.51,6346.3
A 장내발효_2 양(면양),0.46,0.47,0.49,0.43,0.35,0.24,0.22,0.22,0.2,0.18,0.15,0.13,0.11,0.12,0.13,0.15,0.17,0.2,0.28,0.37,0.61,0.61,0.6,0.4,0.36,0.37,0.32,0.34,0.32,0.35,0.33,0.31,0.3,0.28
A 장내발효_3 돼지,137.33,153,168.59,176.35,180.78,192.53,198.44,207.61,226.09,225.02,240.51,248.57,257.02,263.74,257.97,257.33,267.08,273.89,258.51,265.48,281.62,222.67,272.27,282.79,278.55,284.13,291.83,316.24,317.26,315.3,310.32,310.3,308.36,305.92
A 장내발효_4 기타 가축,51.3,65.74,86.53,107.27,124.42,138.55,150.57,158.24,158.91,156.7,154.21,153.81,154.35,155.83,157.54,157.05,150.94,137.27,117.82,102.12,90.88,85.27,80.76,76.23,73,69.5,72.23,77.64,90.08,99.53,103.76,98.37,90.88,86.3
B 가축분뇨처리,3290.09,3489.8,3735.91,4006.84,4174.68,4342.17,4536.33,4631.43,4795.99,4606.81,4683.51,4727.89,4830.37,4879.66,4826.18,4839.85,4964.24,5095.2,5017.87,5157.56,5403.35,4686.04,5331.89,5473.16,5497.38,5532.03,5571.55,5822.52,5902.74,5955.27,5932.48,5943.04,5992.53,5982.03
B 가축분뇨처리_1 소,1456.85,1490.93,1537.33,1681.57,1760.18,1782.22,1862.49,1852.81,1821.27,1653.26,1582.82,1532,1520.49,1498.31,1481.82,1473.47,1481.7,1495.38,1527.56,1562.75,1610.3,1563.49,1605.44,1610.56,1666.26,1610.16,1576.95,1570.43,1575.14,1594.13,1629.12,1650.76,1663.6,1656.67
B 가축분뇨처리_2 양(면양),0.06,0.06,0.06,0.06,0.04,0.03,0.03,0.03,0.03,0.02,0.02,0.02,0.01,0.02,0.02,0.02,0.02,0.03,0.04,0.05,0.08,0.08,0.08,0.05,0.05,0.05,0.04,0.04,0.04,0.04,0.04,0.04,0.04,0.04
B 가축분뇨처리_3 돼지,1211.85,1325.65,1475.36,1554.94,1609.08,1704.21,1768.34,1851.23,2047.82,2056.38,2202.9,2298.38,2391.51,2462.37,2417.7,2393.93,2476.41,2558.87,2446.72,2492.08,2630.81,2041.1,2539.28,2667.06,2606.61,2677.84,2757.83,2985,2994.34,2992.32,2945.31,2966.79,2971.89,2958.68
B 가축분뇨처리_4 기타 가축,107.91,120,125.11,127.19,132.11,145.93,153.17,157.98,153,168.35,176.89,183.64,190.81,185.57,186.4,209.38,212.35,215.56,214.19,233.97,241.51,241.53,245.24,239.89,255.73,267.47,256.39,263.12,284.61,297.76,283.89,250.16,276.7,279.23
B 가축분뇨처리_5 간접 N2O 배출량,513.42,553.16,598.05,643.08,673.27,709.78,752.3,769.38,773.86,728.8,720.88,713.85,727.54,733.4,740.25,763.05,793.77,825.38,829.36,868.71,920.65,839.85,941.86,955.6,968.73,976.5,980.34,1003.92,1048.61,1071.02,1074.12,1075.29,1080.29,1087.42
C 벼재배,14073.08,13876.62,13506.9,13129.33,12749.12,12395.49,12089.88,11921.38,11947.47,11998.26,12034.93,12057.87,12004.91,11822.34,11557.66,11299.87,11106.46,10966.54,10836.03,10748.05,10551.23,10181.33,9812.86,9476.38,9327.25,9206.57,9150.83,8929.27,8523.97,8048.63,7692.49,7413.2,7112.37,6879.37
C 벼재배_1 수리답,14029.76,13833.96,13465.41,13089.01,12709.99,12357.45,12052.78,11884.81,11910.82,11961.47,11998.03,12020.89,11968.08,11786.07,11522.23,11265.25,11072.42,10932.94,10802.83,10715.13,10518.91,10148.6,9777.12,9441.6,9295.84,9180.2,9124.31,8902.6,8498.64,8027.07,7673.64,7396.96,7098.45,6869.3
C 벼재배_2 천수답,43.32,42.67,41.48,40.32,39.12,38.04,37.09,36.57,36.65,36.78,36.9,36.99,36.83,36.27,35.43,34.62,34.03,33.6,33.2,32.93,32.32,32.73,35.73,34.78,31.41,26.37,26.52,26.67,25.33,21.56,18.85,16.23,13.92,10.07
D 농경지토양,3219.3,3169.88,3218.42,3172.45,3336.57,3400.14,3447.42,3433.99,3384.31,3283.66,3224.6,3104.11,2995.18,2888.16,2927.59,2955.55,2839.22,2795.85,2738.17,2841.06,2769.34,2615.54,2718.81,2777.43,2802.21,2765.6,2740.89,2726.83,2781.44,2826.69,2848.4,2884.28,2856.44,2827.44
D 농경지토양_1 직접배출,1706.5,1684.65,1719.73,1705.27,1802.06,1844.15,1877.91,1873.21,1843.4,1779.08,1744.64,1678.61,1623.32,1565.86,1591.67,1613.55,1561.04,1543.82,1518.55,1581.55,1552.23,1465.61,1534.04,1572.24,1588.29,1568.14,1553.5,1546.62,1579.05,1607.35,1622.97,1646.84,1634.42,1620.95
D 농경지토양_2 간접배출,1512.8,1485.23,1498.69,1467.18,1534.51,1555.99,1569.5,1560.78,1540.91,1504.58,1479.96,1425.5,1371.85,1322.3,1335.92,1342,1278.17,1252.03,1219.62,1259.51,1217.11,1149.93,1184.77,1205.19,1213.92,1197.47,1187.39,1180.21,1202.39,1219.35,1225.44,1237.45,1222.02,1206.48
E 사바나 소각,NO,NO,NO,NO,NO,NO,NO,NO,NO,NO,NO,NO,NO,NO,NO,NO,NO,NO,NO,NO,NO,NO,NO,NO,NO,NO,NO,NO,NO,NO,NO,NO,NO,NO
F 작물잔사소각,55.02,49.72,49.13,48.99,50.59,52.9,56.32,57.94,55.44,57.86,59.66,64.47,62.05,58.5,57.16,58.19,58.89,58.36,57.04,57.01,52.7,47.38,44.86,45.09,45.82,44.47,42.01,40.35,41.38,43.63,38.18,33.18,25.75,14.68
F 작물잔사소각_1 곡물,8.68,7.39,6.24,5.69,5.1,5.05,5.01,4.85,4.23,3.85,3.62,4.07,3.94,4.03,3.65,3.56,3.45,3.32,3.23,3.42,3.38,3.32,3.06,2.65,2.43,2.39,2.75,2.87,2.87,2.23,1.91,1.76,1.84,2
F 작물잔사소각_2 두류,9.68,8.81,7.81,7.03,6.53,6.28,6.14,6.19,5.91,5.36,4.83,4.56,4.51,4.37,4.55,5.25,5.79,5.49,4.92,4.75,4.65,4.6,4.39,4.98,5.17,4.98,4.07,3.43,3.5,4.1,3.38,2.87,2.17,1.99
F 작물잔사소각_3 서류,NO,NO,NO,NO,NO,NO,NO,NO,NO,NO,NO,NO,NO,NO,NO,NO,NO,NO,NO,NO,NO,NO,NO,NO,NO,NO,NO,NO,NO,NO,NO,NO,NO,NO
F 작물잔사소각_4 사탕수수,NO,NO,NO,NO,NO,NO,NO,NO,NO,NO,NO,NO,NO,NO,NO,NO,NO,NO,NO,NO,NO,NO,NO,NO,NO,NO,NO,NO,NO,NO,NO,NO,NO,NO
F 작물잔사소각_5 기타,36.67,33.52,35.08,36.27,38.96,41.58,45.16,46.91,45.3,48.65,51.21,55.84,53.59,50.1,48.97,49.38,49.65,49.55,48.89,48.83,44.66,39.46,37.41,37.46,38.22,37.11,35.2,34.04,35.01,37.31,32.89,28.56,21.74,10.7
G 석회 시용,2.54,2.39,2.15,2.83,2.98,2.67,2.68,3.17,3.63,3.49,3.42,4.05,4.93,4.49,4.02,4.38,3.99,3.45,3.06,3.45,2.67,4.27,3.87,3.43,3.8,3.49,3.51,3.55,3.12,2.21,2.79,2.47,2.48,2.7
H 요소 시용,432.49,292.2,339.77,345.86,327.41,318.25,315.45,304.41,319.39,309.02,284.85,236.68,225.47,218.93,241.17,161.19,126.45,190.22,154.14,130.61,121.6,135.46,136.41,129.49,127.12,118.64,118.06,110.79,117.04,110.62,105.01,110.29,91.84,92.33
LULUCF,-39105.93,-35142.3,-34289.33,-32713.98,-35066.89,-33312.37,-36723.25,-41721.8,-50095.78,-58300.45,-60438.59,-60764.48,-58408.11,-58116.5,-59473.3,-57519.49,-58701.65,-59406.36,-60333.54,-60112.9,-57406.29,-56578,-50595.96,-46289.78,-47162.32,-47782.33,-48233.05,-42865.29,-41578.47,-38667.15,-38849.86,-38894.73,-37885.49,-39433.2
A 산림지,-38226.31,-34163.12,-33540.63,-31968.24,-34375.44,-33102.38,-36799.19,-41922.04,-50587.6,-58346.76,-60489.4,-60916.01,-58633.18,-58358.01,-59590.97,-57604.12,-59186.84,-60257.28,-61485.18,-61235.04,-58836.13,-57728.51,-51553.24,-47009.18,-47856.28,-48484.11,-48728.12,-43685.91,-42625.75,-39938.08,-40208.66,-40384.95,-39326.86,-41032.62
A 산림지_1 산림지로 유지된 산림지,-38226.51,-34164.24,-33542.19,-31971.37,-34377.77,-33104.37,-37033.68,-41948.4,-50616.11,-58350.9,-61380.17,-60937.94,-58844.14,-58359.6,-59625.35,-57678.27,-59191.93,-60261.49,-61488.16,-61294.65,-58843.38,-57762.62,-51554.84,-47052.53,-47860.8,-48504.6,-48732.42,-43830.85,-42690.78,-40261.67,-40521.96,-40388.58,-41207.25,-41331.04
A 산림지_2 타토지에서 전용된 산림지,"NO, NE, IE","NO, NE, IE","NO, NE, IE","NO, NE, IE","NO, NE, IE","NO, NE, IE","NO, NE, IE","NO, NE, IE","NO, NE, IE","NO, NE, IE","NO, NE, IE","NO, NE, IE","NO, NE, IE","NO, NE, IE","NO, NE, IE","NO, NE, IE","NO, NE, IE","NO, NE, IE","NO, NE, IE","NO, NE, IE","NO, NE, IE","NO, NE, IE","NO, NE, IE","NO, NE, IE","NO, NE, IE","NO, NE, IE","NO, NE, IE","NO, NE, IE","NO, NE, IE","NO, NE, IE","NO, NE, IE","NO, NE, IE","NO, NE, IE","NO, NE, IE"
A 산림지_3 산불(산림지에서 바이오매스 연소에 의한 배출),0.21,1.11,1.56,3.14,2.33,1.99,234.48,26.36,28.51,4.13,890.77,21.93,210.96,1.59,34.38,74.15,5.09,4.21,2.98,59.61,7.25,34.12,1.6,43.35,4.52,20.48,4.3,144.94,65.02,323.59,313.31,3.63,1880.39,298.42
B 농경지,-29.89,123.45,338.94,514.24,779.06,1278.96,1700.2,1841.71,1870.26,1852.34,1843.02,1910.85,1943.15,2037.88,2095.27,2165.2,2379.32,2569.51,2754.62,2900.12,2971.71,3031.48,2703.68,2712.58,2768.42,2486.78,2370.96,2448.61,2570.48,2635.54,2684.21,2873.77,2859.49,2863.43
B 농경지_1 농경지로 유지된 농경지,"NO, NE","NO, NE","NO, NE","NO, NE","NO, NE","NO, NE","NO, NE","NO, NE","NO, NE","NO, NE","NO, NE","NO, NE","NO, NE","NO, NE","NO, NE","NO, NE","NO, NE","NO, NE","NO, NE","NO, NE","NO, NE","NO, NE","NO, NE","NO, NE","NO, NE","NO, NE","NO, NE","NO, NE","NO, NE","NO, NE","NO, NE","NO, NE","NO, NE","NO, NE"
B 농경지_2 타토지에서 전용된 농경지,-29.89,123.45,338.94,514.24,779.06,1278.96,1700.2,1841.71,1870.26,1852.34,1843.02,1910.85,1943.15,2037.88,2095.27,2165.2,2379.32,2569.51,2754.62,2900.12,2971.71,3031.48,2703.68,2712.58,2768.42,2486.78,2370.96,2448.61,2570.48,2635.54,2684.21,2873.77,2859.49,2863.43
C 초지,-670.41,-712.21,-686.06,-679.09,-678.03,-693.12,-711.17,-728.41,-734.29,-734.55,-741.89,-722.83,-688.75,-670.25,-622.22,-531.52,-377.15,-298.26,-252.1,-231.14,-211.75,-161.48,-174.72,-167.52,-150.55,-120.8,-88.89,-55.86,-36.36,-23.93,-16.02,-6.9,1.24,8.11
C 초지_1 초지로 유지된 초지,"NO, NE","NO, NE","NO, NE","NO, NE","NO, NE","NO, NE","NO, NE","NO, NE","NO, NE","NO, NE","NO, NE","NO, NE","NO, NE","NO, NE","NO, NE","NO, NE","NO, NE","NO, NE","NO, NE","NO, NE","NO, NE","NO, NE","NO, NE","NO, NE","NO, NE","NO, NE","NO, NE","NO, NE","NO, NE","NO, NE","NO, NE","NO, NE","NO, NE","NO, NE"
C 초지_2 타토지에서 전용된 초지,-670.41,-712.21,-686.06,-679.09,-678.03,-693.12,-711.17,-728.41,-734.29,-734.55,-741.89,-722.83,-688.75,-670.25,-622.22,-531.52,-377.15,-298.26,-252.1,-231.14,-211.75,-161.48,-174.72,-167.52,-150.55,-120.8,-88.89,-55.86,-36.36,-23.93,-16.02,-6.9,1.24,8.11
D 습지,343.94,316.36,335.77,324.85,332.17,344.47,341.72,371.48,384.7,369.33,390.23,398.38,414.69,407.84,390.85,346.39,362.04,372.84,400.78,388.62,371.52,390.89,368.38,378.17,400.53,457.09,438.16,402.99,393.5,397.29,405.51,401.53,375.63,387.98
D 습지_1 습지로 유지된 습지,257.64,237.37,252.99,242.64,249.33,248.47,250.31,277.99,290.14,279.04,298.39,305.53,320.91,319.21,311.57,292.46,315.19,323.05,340.71,327.62,314.69,332.86,316.17,326.26,346.44,394.9,372.98,352.26,357.9,365.59,374.94,374.59,351.79,365.15
D 습지_1 습지로 유지된 습지_내륙습지,278.7,258.16,272.15,261.37,268.58,267.7,270.53,296.65,309.6,300.11,319.22,327.81,342.59,342.24,334.39,316.94,340.41,347.76,365.14,352.74,342.33,360.83,343.59,347.56,368.27,415.63,393.83,375.32,378.32,387.06,396.77,396.83,375.5,388.38
D 습지_1 습지로 유지된 습지_연안습지,-21.06,-20.79,-19.16,-18.72,-19.25,-19.23,-20.22,-18.66,-19.46,-21.07,-20.83,-22.28,-21.68,-23.03,-22.83,-24.48,-25.22,-24.7,-24.43,-25.13,-27.64,-27.97,-27.42,-21.31,-21.83,-20.74,-20.85,-23.06,-20.42,-21.47,-21.82,-22.24,-23.72,-23.22
D 습지_2 타토지에서 전용된 습지,86.3,78.99,82.79,82.21,82.84,96,91.4,93.49,94.56,90.3,91.84,92.85,93.78,88.63,79.28,53.92,46.86,49.79,60.08,61,56.83,58.03,52.22,51.91,54.09,62.2,65.17,50.73,35.6,31.71,30.57,26.94,23.85,22.82
D 습지_2 타토지에서 전용된 습지_내륙습지,86.3,78.99,82.79,82.21,82.84,96,91.4,93.49,94.56,90.3,91.84,92.85,93.78,88.63,79.28,53.92,46.86,49.79,60.08,61,56.83,58.03,52.22,51.91,54.09,62.2,65.17,50.73,35.6,31.71,30.57,26.94,23.85,22.82
E 정주지,-729.01,-750.14,-770.95,-791.44,-811.62,-831.48,-851.03,-870.26,-889.17,-907.77,-926.05,-944.01,-915.35,-936.74,-957.77,-978.43,-998.72,-1018.65,-1038.21,-1057.4,-1076.23,-1094.69,-1112.78,-1130.51,-1147.88,-1164.87,-1181.5,-1197.77,-1213.67,-1229.2,-1224.7,-1220.18,-1215.64,-1211.07
E 정주지_1 정주지로 유지된 정주지,-729.01,-750.14,-770.95,-791.44,-811.62,-831.48,-851.03,-870.26,-889.17,-907.77,-926.05,-944.01,-915.35,-936.74,-957.77,-978.43,-998.72,-1018.65,-1038.21,-1057.4,-1076.23,-1094.69,-1112.78,-1130.51,-1147.88,-1164.87,-1181.5,-1197.77,-1213.67,-1229.2,-1224.7,-1220.18,-1215.64,-1211.07
E 정주지_2 타토지에서 전용된 기타토지,"NO, NE, IE","NO, NE, IE","NO, NE, IE","NO, NE, IE","NO, NE, IE","NO, NE, IE","NO, NE, IE","NO, NE, IE","NO, NE, IE","NO, NE, IE","NO, NE, IE","NO, NE, IE","NO, NE, IE","NO, NE, IE","NO, NE, IE","NO, NE, IE","NO, NE, IE","NO, NE, IE","NO, NE, IE","NO, NE, IE","NO, NE, IE","NO, NE, IE","NO, NE, IE","NO, NE, IE","NO, NE, IE","NO, NE, IE","NO, NE, IE","NO, NE, IE","NO, NE, IE","NO, NE, IE","NO, NE, IE","NO, NE, IE","NO, NE, IE","NO, NE, IE"
F 기타토지,"NO, NE","NO, NE","NO, NE","NO, NE","NO, NE","NO, NE","NO, NE","NO, NE","NO, NE","NO, NE","NO, NE","NO, NE","NO, NE","NO, NE","NO, NE","NO, NE","NO, NE","NO, NE","NO, NE","NO, NE","NO, NE","NO, NE","NO, NE","NO, NE","NO, NE","NO, NE","NO, NE","NO, NE","NO, NE","NO, NE","NO, NE","NO, NE","NO, NE","NO, NE"
F 기타토지_1 기타토지로 유지된 기타토지,,,,,,,,,,,,,,,,,,,,,,,,,,,,,,,,,,
F 기타토지_2 타토지에서 전용된 기타토지,"NO, NE","NO, NE","NO, NE","NO, NE","NO, NE","NO, NE","NO, NE","NO, NE","NO, NE","NO, NE","NO, NE","NO, NE","NO, NE","NO, NE","NO, NE","NO, NE","NO, NE","NO, NE","NO, NE","NO, NE","NO, NE","NO, NE","NO, NE","NO, NE","NO, NE","NO, NE","NO, NE","NO, NE","NO, NE","NO, NE","NO, NE","NO, NE","NO, NE","NO, NE"
G 수확된 목재제품,205.75,43.36,33.6,-114.3,-313.03,-308.82,-403.78,-414.29,-139.67,-533.05,-514.51,-490.86,-528.67,-597.22,-788.46,-917.02,-880.31,-774.53,-713.46,-878.06,-625.42,-1015.69,-827.28,-1073.31,-1176.57,-956.42,-1043.65,-777.34,-666.67,-508.78,-490.21,-558,-579.36,-449.03
H 기타,NO,NO,NO,NO,NO,NO,NO,NO,NO,NO,NO,NO,NO,NO,NO,NO,NO,NO,NO,NO,NO,NO,NO,NO,NO,NO,NO,NO,NO,NO,NO,NO,NO,NO
폐기물,13439.35,14822.09,16379.27,17434.27,19563.31,20956.26,20775.2,21528.63,20696.75,22178.5,23390.05,24612.61,24130.67,24103.49,22507.3,22649.19,22614.12,20983.05,20297.78,20244.2,19710.73,20180.3,19854.57,19784.22,19228.71,19752.28,19628.82,20150.99,19336.59,18747.3,18461.34,18313.05,18121.75,18172
A 폐기물매립,12148.98,13164.37,14430.12,15460.95,16497.29,17222.64,17604.88,18127.88,17159.73,17188.59,17258.01,17724.2,17526.27,17543.96,16071.66,15885.26,15584.96,14584.07,14338.99,14223.65,13766.51,13325.22,12598.76,12320.67,12305.04,12583.2,12266.85,12507.26,12328.27,12098.32,12015.97,11767.71,11598.48,11312.07
A 폐기물매립_1 관리형 매립,8999.75,9679.44,10750.54,11757.51,12871.43,13627.72,14098.24,14722.16,13838.13,13958.68,14144.85,14739.94,14684.37,14839.41,13497.91,13437.03,13256.13,12368.82,12231.78,12219.22,11859.83,11511.53,10873.53,10679.57,10743.98,11098.27,10854.34,11163.65,11050.19,10882.57,10859.51,10667.65,10552.08,10316.69
A 폐기물매립_2 비관리형 매립,3149.23,3484.93,3679.58,3703.44,3625.86,3594.92,3506.64,3405.72,3321.6,3229.91,3113.16,2984.26,2841.89,2704.55,2573.75,2448.23,2328.83,2215.25,2107.21,2004.44,1906.68,1813.69,1725.24,1641.1,1561.06,1484.92,1412.5,1343.62,1278.09,1215.75,1156.46,1100.06,1046.41,995.37
A 폐기물매립_3 기타 매립,NO,NO,NO,NO,NO,NO,NO,NO,NO,NO,NO,NO,NO,NO,NO,NO,NO,NO,NO,NO,NO,NO,NO,NO,NO,NO,NO,NO,NO,NO,NO,NO,NO,NO
B 고형폐기물의 생물학적 처리,"NO, NE","NO, NE","NO, NE","NO, NE",4.26,0.51,1.57,4.68,4.5,16.13,31.61,31.18,46.76,46.9,48.68,70.62,85.3,90.66,93.39,99.71,83.16,98.24,103.08,127.48,146.02,284.03,287.7,290.22,260.32,268.53,260.14,268.87,312,349.16
B 고형폐기물의 생물학적 처리_1 퇴비화,NE,NE,NE,NE,4.26,0.51,1.57,4.68,4.5,16.13,31.61,31.18,46.76,46.9,48.68,70.62,85.3,90.66,93.39,99.71,80.43,95.65,100.63,122.8,137.84,151.3,164,167.17,197.69,210.4,187.23,196.16,205.58,237.19
B 고형폐기물의 생물학적 처리_2 바이오가스시설에서의 혐기성 소화,"NO, NE","NO, NE","NO, NE","NO, NE","NO, NE","NO, NE","NO, NE","NO, NE","NO, NE","NO, NE","NO, NE","NO, NE","NO, NE","NO, NE","NO, NE","NO, NE","NO, NE","NO, NE","NO, NE","NO, NE",2.73,2.59,2.45,4.68,8.18,132.73,123.7,123.05,62.63,58.13,72.91,72.71,106.42,111.97
C 폐기물소각 및 노천소각,560.85,746.36,879.08,1083.73,1547.93,2212.85,1607.51,2014.38,1901.37,3245.3,4324.17,5033.51,4454.65,4623.69,4578.31,4836.83,5134.86,4393.35,4105.96,4136.62,4007.02,4715.25,5314.41,5370.72,4933.47,5231.7,5252.82,5475.61,5072.1,4948.3,4684.65,4693.05,4483.62,4965.83
C 폐기물소각 및 노천소각_1 폐기물소각,560.85,746.36,879.08,1083.73,1547.93,2212.85,1607.51,2014.38,1901.37,3245.3,4324.17,5033.51,4454.65,4623.69,4578.31,4836.83,5134.86,4393.35,4105.96,4136.62,4007.02,4715.25,5314.41,5370.72,4933.47,5231.7,5252.82,5475.61,5072.1,4948.3,4684.65,4693.05,4483.62,4965.83
C 폐기물소각 및 노천소각_2 노천소각,NO,NO,NO,NO,NO,NO,NO,NO,NO,NO,NO,NO,NO,NO,NO,NO,NO,NO,NO,NO,NO,NO,NO,NO,NO,NO,NO,NO,NO,NO,NO,NO,NO,NO
D 하폐수처리,729.52,911.36,1070.06,889.59,1513.83,1520.26,1561.24,1381.7,1631.16,1728.48,1776.27,1823.72,2103,1888.95,1808.66,1856.49,1809.01,1914.98,1759.44,1784.22,1854.04,2041.6,1838.32,1965.34,1844.18,1653.35,1821.45,1877.9,1675.9,1432.15,1500.57,1583.43,1727.64,1544.94
D 하폐수처리_1 폐수처리,631.05,793.36,919.56,715.65,1277.13,1238.24,1406.53,1231.28,1504.14,1573.45,1621.25,1640.7,1887.33,1669.54,1635.76,1613.33,1648.69,1609.09,1473.8,1499.87,1504.98,1429.84,1440.85,1435.27,1382.4,1280.07,1320.57,1236.78,1246.61,1251.4,1270.4,1290.82,1275.16,1284.95
D 하폐수처리_2 하수처리,98.48,118,150.5,173.94,236.71,282.02,154.71,150.42,127.02,155.02,155.02,183.02,215.67,219.41,172.9,243.16,160.32,305.88,285.64,284.35,349.06,611.76,397.47,530.07,461.78,373.28,500.87,641.13,429.28,180.76,230.17,292.6,452.49,259.99
D 하폐수처리_3 기타,NO,NO,NO,NO,NO,NO,NO,NO,NO,NO,NO,NO,NO,NO,NO,NO,NO,NO,NO,NO,NO,NO,NO,NO,NO,NO,NO,NO,NO,NO,NO,NO,NO,NO
E 기타,NO,NO,NO,NO,NO,NO,NO,NO,NO,NO,NO,NO,NO,NO,NO,NO,NO,NO,NO,NO,NO,NO,NO,NO,NO,NO,NO,NO,NO,NO,NO,NO,NO,NO
별도항목(Memo Item),,,,,,,,,,,,,,,,,,,,,,,,,,,,,,,,,,
국제벙커링 및 다국적 작전,14123.36,17005.65,21109.6,22360.49,25776.62,29702.02,35400.38,38852.46,38429.74,41592.3,39424.36,38527.64,38607.18,41286.48,43095.52,43553.76,41605.03,42177.34,39673.53,36420.53,38970.31,38689.05,37920.03,37939.78,38493.12,41597.09,46720.11,47638.65,46742.04,42652.5,42274.51,42112.89,46886.86,50497.72
국제벙커링 및 다국적 작전_벙커링,14123.36,17005.65,21109.6,22360.49,25776.62,29702.02,35400.38,38852.46,38429.74,41592.3,39424.36,38527.64,38607.18,41286.48,43095.52,43553.76,41605.03,42177.34,39673.53,36420.53,38970.31,38689.05,37920.03,37939.78,38493.12,41597.09,46720.11,47638.65,46742.04,42652.5,42274.51,42112.89,46886.86,50497.72
C 국제벙커링 및 다국적 작전_1 벙커링_a 국제 항공,6295.65,4294.98,5138.56,5673.79,6371.72,7207.24,7876.47,8577.98,7098.61,7345.3,7753.19,8124.77,9177.1,9644.99,10278.81,10697.24,8674.21,12219.67,11148.56,10619.01,11822.13,11923.19,12013.25,12684.24,12714.89,13076.48,14607.98,14964.56,15766.82,16066.93,10029.67,7879.94,9930.38,16090.99
C 국제벙커링 및 다국적 작전_1 벙커링_b 국제 해운,7827.71,12710.67,15971.04,16686.69,19404.9,22494.78,27523.91,30274.49,31331.13,34247,31671.18,30402.87,29430.08,31641.49,32816.71,32856.52,32930.82,29957.67,28524.97,25801.52,27148.19,26765.87,25906.79,25255.54,25778.23,28520.61,32112.13,32674.08,30975.22,26585.57,32244.84,34232.96,36956.48,34406.73
C 국제벙커링 및 다국적 작전_2 다국적 작전,C,C,C,C,C,C,C,C,C,C,C,C,C,C,C,C,C,C,C,C,C,C,C,C,C,C,C,C,C,C,C,C,C,C
