rank,field,ministry,program,activity,archetype,exposure_score,amp_12m_norm,dec_pct,dec_jump_ratio,chooyeon_pct,direct_invest_pct,personnel_pct,total_budget,year_n
1,일반·지방행정,국세청,과세기반확충,부동산납세 지원,정상사업,0.7201942904831132,1.1487272241577733,0.6269497887204224,7.523397464645069,0.0,0.0,0.0,46003000.0,8
2,통일·외교,외교부,다자관계 협력,국제기구 협력강화,정상사업,0.7187533781426896,1.1743923352209995,0.6120215166488064,7.344258199785678,0.0,0.0017341722732183,0.0173282488491814,110139000.0,10
3,공공질서및안전,법무부,검찰활동,형사사법선진화,정상사업,0.45241677973817734,1.0197677064067776,0.4436468981080989,5.323762777297187,0.0,0.0,0.0,1893000.0,11
4,사회복지,보건복지부,사회복지기반조성,복지사업평가,정상사업,0.4370344229228625,1.0247692809443445,0.426471041872105,5.11765250246526,0.0,0.0,0.0,28210000.0,11
5,일반·지방행정,공정거래위원회,경쟁촉진,시장구조개선,정상사업,0.4252710706252643,1.0536410136974774,0.4036204600017294,4.843445520020754,0.0,0.0,0.0331678851881938,3693000.0,11
6,일반·지방행정,통계청,국가기본통계생산 및 지원,농림어업총조사,정상사업,0.42069489240207764,1.5219911405558688,0.2764108681003422,3.3169304172041065,0.0,0.0,0.2052098341453025,37563000.0,10
7,일반·지방행정,기획재정부,경제정책,중장기 경제전략 기획사업,정상사업,0.4031346902424265,0.9821060576965912,0.4104797919564097,4.925757503476917,0.0,0.0,0.0,5681000.0,10
8,사회복지,여성가족부,성평등정책기반강화및여성경제활동지원,정책협의및평가,정상사업,0.3910524765995233,1.3209053081491968,0.2960488342252568,3.5525860107030818,0.0,0.0,0.0,25863000.0,6
9,보건,보건복지부,국립공주병원,국립공주병원 운영(자본),자산취득형,0.384867856758262,1.131120975307094,0.3402534876110596,4.083041851332716,0.0,1.0,0.0,5300000.0,11
10,보건,보건복지부,국립부곡병원,부곡병원기본경비(자본),자산취득형,0.3755707835116562,0.8923023509368911,0.4209008113867659,5.050809736641191,0.0,1.0,0.0,1015000.0,11
11,사회복지,고용노동부,근로조건보호및복지증진,최저임금제도지원,정상사업,0.3608290080957428,1.196500308280849,0.3015703427725713,3.6188441132708555,0.0,0.0,0.156623542476402,3602000.0,6
12,일반·지방행정,공정거래위원회,경쟁촉진,선진 경쟁정책 추진,정상사업,0.35489259757422414,1.0060889326856597,0.3527447584845922,4.232937101815106,0.0,0.382942861958537,0.0,11866000.0,11
13,교통및물류,해양수산부,해양수산행정지원,해양수산정책지원,정상사업,0.34859867883161644,0.9623651970894174,0.3622311778168207,4.346774133801849,0.0,0.0,0.0,12300000.0,11
14,일반·지방행정,행정안전부,지방재정경제,지자체재정분석및재정제도개선,정상사업,0.3469637164193806,0.9671020997479484,0.3587663769004413,4.3051965228052955,0.0,0.0,0.0,5343000.0,8
15,교통및물류,국토교통부,일반공항건설및관리,일반공항관리,자산취득형,0.32303207636589537,0.9097103013840048,0.3550933477112928,4.261120172535514,0.0398960363872644,0.7701494476933073,0.0,76950000.0,11
16,공공질서및안전,소방청,소방정책지원,소방시설장비지원,정상사업,0.3200510592388322,1.1487032628626404,0.2786194394897469,3.3434332738769625,0.0,0.3488815203404929,0.0,80824000.0,6
17,보건,보건복지부,국립나주병원,나주병원운영(자본),자산취득형,0.3163943123001028,1.00715538215159,0.3141464742254451,3.7697576907053416,0.0,1.0,0.0,6492000.0,11
18,과학기술,과학기술정보통신부,과학기술정보통신부운영지원,과학기술정보통신정책 이해도 제고,정상사업,0.3039268891588927,0.8737188981441283,0.347854315391902,4.174251784702824,0.0,0.0,0.0748520244382313,9657000.0,8
19,일반·지방행정,기획재정부,재정관리,재정집행관리,정상사업,0.27868367886708617,0.7580705748918547,0.3676223403168535,4.411468083802242,0.0,0.0,0.0,1710000.0,11
20,일반·지방행정,기획재정부,재정기획,중장기 재정 전략 수립,정상사업,0.27774219913647064,0.7200521794295133,0.3857251003066496,4.628701203679795,0.2067167549369791,0.0,0.0138879172311861,24357000.0,11
21,일반·지방행정,행정안전부,행정안전행정지원,정책연구개발,정상사업,0.27748630479762587,0.7016014560297106,0.3955041746462328,4.746050095754794,0.0,0.0,0.0,6464000.0,8
22,과학기술,기상청,기상예보,예보 및 통보체계 개선,정상사업,0.2731063683925859,0.6502525059239,0.4200004858182706,5.040005829819248,0.0,0.0402955699043541,0.0080554020924691,57922000.0,11
23,공공질서및안전,소방청,소방정책지원,119구조구급활성화,정상사업,0.2720439377647654,0.8834428275651383,0.3079360987224801,3.6952331846697617,0.0096611356664975,0.4176847088375238,0.0,41403000.0,6
24,일반·지방행정,조달청,조달사업 운영,조달물자 구매 및 관리지원(자본),자산취득형,0.2716804782375083,0.8546174243540933,0.3178971905971145,3.8147662871653742,0.0,0.8400998003992016,0.0,300600000.0,7
25,교통및물류,국토교통부,국토교통정보화,항공정보화사업(정보화),정상사업,0.2712205046866401,0.9520338334319036,0.2848853634843428,3.4186243618121135,0.0,0.0073775989268947,0.0,13419000.0,10
26,과학기술,과학기술정보통신부,국립과천과학관운영,창의전시관운영(책특회계),자산취득형,0.27116144356270516,0.6877137124395185,0.3942940771106882,4.731528925328258,0.0,0.6882937990287635,0.0131325644378035,42832000.0,8
27,사회복지,보건복지부,일반보건복지행정지원,정책연구개발,정상사업,0.2693581405377777,0.7352842301081661,0.366331997217121,4.395983966605453,0.0,0.0,0.0,4199000.0,10
28,일반·지방행정,행정안전부,전자정부,국가정보관리원대구센터신축,자산취득형,0.26857017329952887,0.8403948667590677,0.3195761705866358,3.8349140470396295,0.0,0.9411163741060647,0.0,301476000.0,8
29,일반·지방행정,국민권익위원회,국민권익증진,청렴권익문화확산,정상사업,0.265545500961764,0.6686657193237594,0.3971274334660339,4.765529201592408,0.0,0.007673389080177,0.0691254303984259,10165000.0,6
30,일반·지방행정,공정거래위원회,소비자후생 증진,선진 소비자정책 추진,정상사업,0.264384617906421,0.6729161455159179,0.3928938541127141,4.7147262493525695,0.0,0.0,0.0275441245529747,6920750.0,11
31,교육,교육부,교육복지 증진,특수교육 내실화 기반구축,정상사업,0.26200826651290504,1.0164410526339422,0.2577702522285509,3.0932430267426105,0.0,0.3931988371068628,0.0276606466390626,11351000.0,6
32,일반·지방행정,기획재정부,재정운용,국고보조금 관리 및 제도개선,정상사업,0.2607138455399971,1.002058449292072,0.2601782817401366,3.122139380881639,0.0,0.0,0.0,424000.0,8
33,통신,과학기술정보통신부,우체국예금,금융사업인프라구축,자산취득형,0.2582783031575516,0.7447346827187743,0.3468057942657712,4.161669531189254,0.0,1.0,0.0,114231000.0,7
34,공공질서및안전,소방청,소방행정지원,소방정책홍보및행정지원,자산취득형,0.25723373825280527,0.7988500484376511,0.322005035558162,3.8640604266979444,0.0,0.6808017641444228,0.0185245367475232,30383000.0,7
35,일반·지방행정,행정안전부,지방교부세,특별교부세,정상사업,0.2558809568346239,0.6595376374874254,0.3879702116916754,4.655642540300105,0.0,0.0,0.0,5042625000.0,6
36,일반·지방행정,기획재정부,재정관리,재정사업평가,출연금형,0.25415183625140547,0.8975181997236948,0.2831717912011671,3.398061494414005,0.9115783610666296,0.0,0.0,14363000.0,11
37,사회복지,여성가족부,여성가족청소년정책일반,여성·가족정책의식확산,정상사업,0.2540471710289948,0.706893064839056,0.3593855756483278,4.312626907779934,0.0,0.0,0.0,9602000.0,6
38,일반·지방행정,기획재정부,기획재정 행정지원,기획재정 정책지원,정상사업,0.253215028959834,0.6845059639103929,0.3699237732178208,4.43908527861385,0.0,0.0049976984283553,0.0176202735582297,60828000.0,11
39,환경,환경부,환경행정 지원,시민소통 및 홍보,정상사업,0.2516831222964373,0.6541882161270662,0.3847258573174171,4.616710287809005,0.0,0.0199220441749675,0.0921052944997834,18472000.0,6
40,일반·지방행정,기획재정부,재정기획,국가재정운용계획수립,정상사업,0.2459607158940464,0.6609732940741545,0.3721189919459168,4.465427903351002,0.0,0.0,0.0,5657000.0,7
41,공공질서및안전,경찰청,경찰병원운영,자산취득,자산취득형,0.24156859050076845,0.8274337385085281,0.2919491667528598,3.503390001034318,0.0,1.0,0.0,18908000.0,11
42,국방,방위사업청,기동화력사업,기동화력 연구개발,정상사업,0.2389879149367344,0.7636253385343194,0.3129648832704281,3.7555785992451374,0.3518483454327175,0.0001893466332557,0.0,248222000.0,8
43,사회복지,고용노동부,고용노동행정지원,일자리위원회운영,정상사업,0.23752239095882718,0.756160945585695,0.3141161843195312,3.7693942118343746,0.0,0.0656241975308642,0.1446949382716049,16200000.0,6
44,일반·지방행정,금융위원회,금융소비자보호,금융소비자보호,정상사업,0.2374463961031569,0.8633957309011019,0.2750145589153432,3.3001747069841185,0.998996108847088,0.0,0.0,1977306000.0,11
45,보건,보건복지부,국립마산병원,국립마산병원 운영(자본),정상사업,0.23613769200089757,0.7447975006362699,0.3170495225872381,3.8045942710468577,0.0,0.0652211621856027,0.0,5765000.0,6
46,사회복지,여성가족부,여성가족청소년정책일반,정보화추진(정보화),정상사업,0.23056367348463205,0.793314076401351,0.2906335338590236,3.487602406308283,0.104673934329917,0.272047783797898,0.0,61276000.0,6
47,산업·중소기업및에너지,특허청,지식재산행정종합지원,지역사무소 기본경비(자본),자산취득형,0.22575808396893277,0.8409070049074954,0.2684697388075242,3.2216368656902907,0.0,1.0,0.0,261000.0,10
48,공공질서및안전,법무부,법무및검찰행정지원,기타법무시설조성,자산취득형,0.2235323192774267,0.6517450019032791,0.3429751185274138,4.115701422328966,0.0,0.9048390102631846,0.0053970124987298,98410000.0,7
49,국토및지역개발,행정중심복합도시건설청,행정중심복합도시건설,중앙행정기관 건립,자산취득형,0.2223225721678595,0.8005229288266972,0.2777216793698978,3.3326601524387733,0.0,0.99654779754636,0.0,388158000.0,9
50,사회복지,고용노동부,근로조건보호및복지증진,퇴직급여정착지원제도,정상사업,0.22121725211763638,0.7725164366748754,0.2863592819718072,3.4363113836616868,0.0,0.0,0.0,3524000.0,11
